{"cs532-2022program 4 params; epoch": 367, "cs532-2022program 4 params; sample79; 0": -5.63778829574585, "cs532-2022program 4 params; sample79; 1": 5.227313995361328, "cs532-2022program 4 params; sample60; 0": -0.18838122487068176, "cs532-2022program 4 params; sample60; 1": 9.152097702026367, "cs532-2022program 4 params; sample11; 0": -1.1735185384750366, "cs532-2022program 4 params; sample11; 1": 10.613489151000977, "cs532-2022program 4 params; sample122; 0": -0.4585530161857605, "cs532-2022program 4 params; sample122; 1": 5.401967525482178, "cs532-2022program 4 params; sample77; 0": 2.869814872741699, "cs532-2022program 4 params; sample77; 1": 5.012074947357178, "cs532-2022program 4 params; sample21; 0": 2.282691717147827, "cs532-2022program 4 params; sample21; 1": 6.556555271148682, "cs532-2022program 4 params; sample110; 0": -0.5303969979286194, "cs532-2022program 4 params; sample110; 1": 2.021510362625122, "cs532-2022program 4 params; sample85; 0": 5.262381076812744, "cs532-2022program 4 params; sample85; 1": 7.849402904510498, "cs532-2022program 4 params; sample41; 0": 3.1370363235473633, "cs532-2022program 4 params; sample41; 1": 7.9264235496521, "cs532-2022program 4 params; sample130; 0": -0.5762419700622559, "cs532-2022program 4 params; sample130; 1": 9.47617244720459, "cs532-2022program 4 params; sample134; 0": 1.8903148174285889, "cs532-2022program 4 params; sample134; 1": 8.890493392944336, "cs532-2022program 4 params; sample113; 0": -1.8728083372116089, "cs532-2022program 4 params; sample113; 1": 10.891888618469238, "cs532-2022program 4 params; sample100; 0": 2.9368135929107666, "cs532-2022program 4 params; sample100; 1": 2.7002365589141846, "cs532-2022program 4 params; sample3; 0": 1.8617597818374634, "cs532-2022program 4 params; sample3; 1": 5.439106464385986, "cs532-2022program 4 params; sample67; 0": 1.2879221439361572, "cs532-2022program 4 params; sample67; 1": 8.482144355773926, "cs532-2022program 4 params; sample32; 0": 0.07134391367435455, "cs532-2022program 4 params; sample32; 1": 4.7582173347473145, "cs532-2022program 4 params; sample37; 0": 0.04783611744642258, "cs532-2022program 4 params; sample37; 1": 6.278169631958008, "cs532-2022program 4 params; sample124; 0": -3.4606144428253174, "cs532-2022program 4 params; sample124; 1": 6.194876670837402, "cs532-2022program 4 params; sample105; 0": 0.34034061431884766, "cs532-2022program 4 params; sample105; 1": 6.475106239318848, "cs532-2022program 4 params; sample135; 0": 1.0200159549713135, "cs532-2022program 4 params; sample135; 1": 2.6870977878570557, "cs532-2022program 4 params; sample81; 0": -0.3156956136226654, "cs532-2022program 4 params; sample81; 1": 6.102930068969727, "cs532-2022program 4 params; sample141; 0": -2.8732120990753174, "cs532-2022program 4 params; sample141; 1": 6.9644927978515625, "cs532-2022program 4 params; sample118; 0": -0.32858988642692566, "cs532-2022program 4 params; sample118; 1": 7.518795967102051, "cs532-2022program 4 params; sample139; 0": 4.181169033050537, "cs532-2022program 4 params; sample139; 1": 8.398545265197754, "cs532-2022program 4 params; sample26; 0": -3.096735715866089, "cs532-2022program 4 params; sample26; 1": 8.867915153503418, "cs532-2022program 4 params; sample33; 0": 0.20631352066993713, "cs532-2022program 4 params; sample33; 1": 5.326199054718018, "cs532-2022program 4 params; sample108; 0": 4.126739025115967, "cs532-2022program 4 params; sample108; 1": 0.8157610893249512, "cs532-2022program 4 params; sample114; 0": 1.0746147632598877, "cs532-2022program 4 params; sample114; 1": 7.949362277984619, "cs532-2022program 4 params; sample99; 0": -1.764130711555481, "cs532-2022program 4 params; sample99; 1": 3.1341147422790527, "cs532-2022program 4 params; sample69; 0": 5.772816181182861, "cs532-2022program 4 params; sample69; 1": 6.734859943389893, "cs532-2022program 4 params; sample42; 0": -0.9827960729598999, "cs532-2022program 4 params; sample42; 1": 9.9647216796875, "cs532-2022program 4 params; sample128; 0": -8.879674911499023, "cs532-2022program 4 params; sample128; 1": 8.024271011352539, "cs532-2022program 4 params; sample84; 0": 0.006361264735460281, "cs532-2022program 4 params; sample84; 1": 6.66473388671875, "cs532-2022program 4 params; sample76; 0": -1.0070350170135498, "cs532-2022program 4 params; sample76; 1": 5.091317653656006, "cs532-2022program 4 params; sample45; 0": -1.0726714134216309, "cs532-2022program 4 params; sample45; 1": 5.637417316436768, "cs532-2022program 4 params; sample1; 0": -3.965749740600586, "cs532-2022program 4 params; sample1; 1": 6.821530818939209, "cs532-2022program 4 params; sample2; 0": 1.9186291694641113, "cs532-2022program 4 params; sample2; 1": 7.268921852111816, "cs532-2022program 4 params; sample123; 0": 1.3390693664550781, "cs532-2022program 4 params; sample123; 1": 8.367667198181152, "cs532-2022program 4 params; sample140; 0": -2.932049036026001, "cs532-2022program 4 params; sample140; 1": 9.261852264404297, "cs532-2022program 4 params; sample4; 0": 3.1984121799468994, "cs532-2022program 4 params; sample4; 1": 9.682568550109863, "cs532-2022program 4 params; sample120; 0": -0.7544002532958984, "cs532-2022program 4 params; sample120; 1": 3.857020854949951, "cs532-2022program 4 params; sample44; 0": 3.730452060699463, "cs532-2022program 4 params; sample44; 1": 6.348405361175537, "cs532-2022program 4 params; sample112; 0": -3.221658945083618, "cs532-2022program 4 params; sample112; 1": 7.378990650177002, "cs532-2022program 4 params; sample106; 0": -6.652163505554199, "cs532-2022program 4 params; sample106; 1": 4.356657028198242, "cs532-2022program 4 params; sample22; 0": -3.1639606952667236, "cs532-2022program 4 params; sample22; 1": 8.322933197021484, "cs532-2022program 4 params; sample14; 0": -1.8808602094650269, "cs532-2022program 4 params; sample14; 1": 5.6915178298950195, "cs532-2022program 4 params; sample74; 0": 1.334327220916748, "cs532-2022program 4 params; sample74; 1": 8.274227142333984, "cs532-2022program 4 params; sample68; 0": 4.178912162780762, "cs532-2022program 4 params; sample68; 1": 6.387856483459473, "cs532-2022program 4 params; sample62; 0": 2.11891770362854, "cs532-2022program 4 params; sample62; 1": 6.180848121643066, "cs532-2022program 4 params; sample13; 0": -0.8488118648529053, "cs532-2022program 4 params; sample13; 1": 4.034360408782959, "cs532-2022program 4 params; sample78; 0": -3.7718453407287598, "cs532-2022program 4 params; sample78; 1": 6.530776500701904, "cs532-2022program 4 params; sample49; 0": -3.126953601837158, "cs532-2022program 4 params; sample49; 1": 7.243107795715332, "cs532-2022program 4 params; sample47; 0": 0.6827781200408936, "cs532-2022program 4 params; sample47; 1": 5.5283098220825195, "cs532-2022program 4 params; sample59; 0": 2.4421803951263428, "cs532-2022program 4 params; sample59; 1": 9.684247016906738, "cs532-2022program 4 params; sample16; 0": 1.7189699411392212, "cs532-2022program 4 params; sample16; 1": 5.311467170715332, "cs532-2022program 4 params; sample70; 0": -4.735852241516113, "cs532-2022program 4 params; sample70; 1": 0.2290865182876587, "cs532-2022program 4 params; sample50; 0": -1.92564058303833, "cs532-2022program 4 params; sample50; 1": 0.21619810163974762, "cs532-2022program 4 params; sample94; 0": -2.0612051486968994, "cs532-2022program 4 params; sample94; 1": 2.891817569732666, "cs532-2022program 4 params; sample89; 0": -1.1564078330993652, "cs532-2022program 4 params; sample89; 1": 3.9633443355560303, "cs532-2022program 4 params; sample80; 0": 1.3365999460220337, "cs532-2022program 4 params; sample80; 1": 8.85220718383789, "cs532-2022program 4 params; sample71; 0": 0.01914720982313156, "cs532-2022program 4 params; sample71; 1": 10.051864624023438, "cs532-2022program 4 params; sample75; 0": 2.0941896438598633, "cs532-2022program 4 params; sample75; 1": 3.8900363445281982, "cs532-2022program 4 params; sample82; 0": -1.9208245277404785, "cs532-2022program 4 params; sample82; 1": 8.802485466003418,