{"cs532-2022program 3 params; epoch": 299, "cs532-2022program 3 params; sample6; 0": [0.8913355469703674, 0.9688637256622314, 0.8333280086517334], "cs532-2022program 3 params; sample3; 0": 1.0295827388763428, "cs532-2022program 3 params; sample3; 1": 0.8843162655830383, "cs532-2022program 3 params; sample1; 0": 1.1294875144958496, "cs532-2022program 3 params; sample1; 1": 0.8794670104980469, "cs532-2022program 3 params; sample2; 0": -0.0029163863509893417, "cs532-2022program 3 params; sample2; 1": 1.0863220691680908, "cs532-2022program 3 params; sample4; 0": -0.0462091825902462, "cs532-2022program 3 params; sample4; 1": 1.103064775466919, "cs532-2022program 3 params; sample19; 0": [-1.5138477087020874, -1.5997475385665894, -1.490067481994629], "cs532-2022program 3 params; sample0; 0": 0.09732576459646225, "cs532-2022program 3 params; sample0; 1": 1.0484095811843872, "cs532-2022program 3 params; sample5; 0": 1.1150213479995728, "cs532-2022program 3 params; sample5; 1": 0.885587751865387, "cs532-2022program 3 params; sample15; 0": [-1.841012954711914, -1.5059305429458618, -1.1203254461288452], "cs532-2022program 3 params; sample7; 0": [-1.4029356241226196, -2.010671854019165, -1.40944242477417], "cs532-2022program 3 params; sample9; 0": [-1.7364706993103027, -1.7217425107955933, -1.1011582612991333], "cs532-2022program 3 params; sample13; 0": [-1.713168978691101, -1.3905433416366577, -1.6781983375549316], "cs532-2022program 3 params; sample11; 0": [-1.5644659996032715, -1.8068630695343018, -1.7182838916778564], "cs532-2022program 3 params; sample17; 0": [-1.3973219394683838, -1.652477741241455, -1.3917590379714966], "_timestamp": 1666760945.057269, "_runtime": 155.57178115844727, "_step": 600, "cs532-2022 loss; program 3; epoch": 299, "cs532-2022 loss; program 3;": -17768.10546875, "Program 3_table": {"_type": "table-file", "sha256": "1ece281cb04b355fa77cf7349cb48dc30910c4d99934d26f5c72f521da938396", "size": 128928, "artifact_path": "wandb-client-artifact://fsa51vfw54hl5rghqieizl6bonrslk0i0mhjua1cml0dlwxtxqn05ssuhiwjmz5m19gsw4pojszo1g24811s6z3oms0iq3kgdi8caex8txijy9ocb5z1azpihx2zgzaf:latest/Program 3_table.table.json", "_latest_artifact_path": "wandb-client-artifact://fsa51vfw54hl5rghqieizl6bonrslk0i0mhjua1cml0dlwxtxqn05ssuhiwjmz5m19gsw4pojszo1g24811s6z3oms0iq3kgdi8caex8txijy9ocb5z1azpihx2zgzaf:latest/Program 3_table.table.json", "path": "media/table/Program 3_table_600_1ece281cb04b355fa77c.table.json", "ncols": 2, "nrows": 10000}, "_wandb": {"runtime": 155}}