{"cs532-2022program 5 params; epoch": 299, "cs532-2022program 5 params; sample1; 0": 23.105501174926758, "cs532-2022program 5 params; sample1; 1": 5.098878383636475, "cs532-2022program 5 params; sample2; 0": 0.009999999776482582, "cs532-2022program 5 params; sample2; 1": 26.16861915588379, "_timestamp": 1666832626.770339, "_runtime": 20.59042501449585, "_step": 599, "cs532-2022 loss; program 5; epoch": 299, "cs532-2022 loss; program 5;": -9238121472.0, "_wandb": {"runtime": 19}}