{"cs532-2022program 3 params; epoch": 299, "cs532-2022program 3 params; sample6; 0": [1.0160130262374878, 0.9553261399269104, 0.9237523078918457], "cs532-2022program 3 params; sample3; 0": 1.108489990234375, "cs532-2022program 3 params; sample3; 1": 0.9713030457496643, "cs532-2022program 3 params; sample1; 0": 1.1738147735595703, "cs532-2022program 3 params; sample1; 1": 0.8828104734420776, "cs532-2022program 3 params; sample2; 0": -0.10236955434083939, "cs532-2022program 3 params; sample2; 1": 1.0968213081359863, "cs532-2022program 3 params; sample4; 0": 0.19970886409282684, "cs532-2022program 3 params; sample4; 1": 1.0204310417175293, "cs532-2022program 3 params; sample19; 0": [-1.5879762172698975, -1.4554580450057983, -1.3302072286605835], "cs532-2022program 3 params; sample0; 0": -0.08110986649990082, "cs532-2022program 3 params; sample0; 1": 0.8699736595153809, "cs532-2022program 3 params; sample5; 0": 1.1375234127044678, "cs532-2022program 3 params; sample5; 1": 0.9311000108718872, "cs532-2022program 3 params; sample15; 0": [-1.5269750356674194, -1.5062458515167236, -1.544691562652588], "cs532-2022program 3 params; sample7; 0": [-1.5265365839004517, -1.694879412651062, -1.4400928020477295], "cs532-2022program 3 params; sample9; 0": [-1.544889211654663, -1.5620112419128418, -1.2568670511245728], "cs532-2022program 3 params; sample13; 0": [-1.740273118019104, -1.8346139192581177, -1.3254612684249878], "cs532-2022program 3 params; sample11; 0": [-1.4886200428009033, -1.574950098991394, -1.3452016115188599], "cs532-2022program 3 params; sample17; 0": [-1.6977663040161133, -1.5228036642074585, -1.3342307806015015], "_timestamp": 1666760592.359313, "_runtime": 232.27532196044922, "_step": 600, "cs532-2022 loss; program 3; epoch": 299, "cs532-2022 loss; program 3;": -11311.1630859375, "Program 3_table": {"_type": "table-file", "sha256": "f869ee9ac1f43aa92d85a5183a64f51a57b03019aa4dba74a552b9d1b2199a30", "size": 128928, "artifact_path": "wandb-client-artifact://df9eiimyf7bspl84aqjc3jluhbu28ragb1pjsma75348vu2n4nm9vm0mb30q0ucu30htvwscrftebjpe5lxtjgci9volgyeaxbikuh7i48yhvq2g3h47qvnudpcz76or:latest/Program 3_table.table.json", "_latest_artifact_path": "wandb-client-artifact://df9eiimyf7bspl84aqjc3jluhbu28ragb1pjsma75348vu2n4nm9vm0mb30q0ucu30htvwscrftebjpe5lxtjgci9volgyeaxbikuh7i48yhvq2g3h47qvnudpcz76or:latest/Program 3_table.table.json", "path": "media/table/Program 3_table_600_f869ee9ac1f43aa92d85.table.json", "ncols": 2, "nrows": 10000}, "_wandb": {"runtime": 231}}