{"cs532-2022program 3 params; epoch": 299, "cs532-2022program 3 params; sample6; 0": [1.7230451107025146, 0.35169318318367004, 0.6247806549072266], "cs532-2022program 3 params; sample3; 0": 1.7479511499404907, "cs532-2022program 3 params; sample3; 1": 0.5207237005233765, "cs532-2022program 3 params; sample1; 0": 1.8277117013931274, "cs532-2022program 3 params; sample1; 1": 0.39165177941322327, "cs532-2022program 3 params; sample2; 0": -1.182458519935608, "cs532-2022program 3 params; sample2; 1": 0.6794446706771851, "cs532-2022program 3 params; sample4; 0": 0.629592776298523, "cs532-2022program 3 params; sample4; 1": 1.8953979015350342, "cs532-2022program 3 params; sample19; 0": [-2.862351179122925, -2.96962571144104, -2.2699079513549805], "cs532-2022program 3 params; sample0; 0": 0.4603264033794403, "cs532-2022program 3 params; sample0; 1": 0.7483029961585999, "cs532-2022program 3 params; sample5; 0": 1.6757858991622925, "cs532-2022program 3 params; sample5; 1": 0.5217662453651428, "cs532-2022program 3 params; sample15; 0": [-2.8563389778137207, -2.830010414123535, -2.013796091079712], "cs532-2022program 3 params; sample7; 0": [-2.4948720932006836, -3.756904125213623, -2.8953051567077637], "cs532-2022program 3 params; sample9; 0": [-2.762864112854004, -2.514155387878418, -2.082885980606079], "cs532-2022program 3 params; sample13; 0": [-2.8113303184509277, -3.188567638397217, -2.0100290775299072], "cs532-2022program 3 params; sample11; 0": [-2.806556224822998, -3.114936113357544, -1.8100682497024536], "cs532-2022program 3 params; sample17; 0": [-2.7778403759002686, -2.7118396759033203, -2.066936492919922], "_timestamp": 1666759929.615865, "_runtime": 157.7768359184265, "_step": 600, "cs532-2022 loss; program 3; epoch": 299, "cs532-2022 loss; program 3;": -2917.282470703125, "Program 3_table": {"_type": "table-file", "sha256": "d95917c2ac5a5799b64b3f9a90991c4fee15e7e52d003b924dd9abb6b0aaabaf", "size": 128928, "artifact_path": "wandb-client-artifact://15c6f3q8g95lkuvb8n7wbkhmokztf5fp579uaxp0ob99ctq8ynpalxn5t7ajmownr6laopehwxi0cpsoqhfloh0dp8bjbpzaz84xeffoq3duk64zxbca4bzgjos07zd0:latest/Program 3_table.table.json", "_latest_artifact_path": "wandb-client-artifact://15c6f3q8g95lkuvb8n7wbkhmokztf5fp579uaxp0ob99ctq8ynpalxn5t7ajmownr6laopehwxi0cpsoqhfloh0dp8bjbpzaz84xeffoq3duk64zxbca4bzgjos07zd0:latest/Program 3_table.table.json", "path": "media/table/Program 3_table_600_d95917c2ac5a5799b64b.table.json", "ncols": 2, "nrows": 10000}, "_wandb": {"runtime": 157}}