{"cs532-2022 params; epoch": 299, "cs532-2022 params; sample2; 0": 7.188395977020264, "cs532-2022 params; sample2; 1": 1.0625015497207642, "_timestamp": 1666754666.6719449, "_runtime": 17.42691993713379, "_step": 599, "cs532-2022 loss; epoch": 299, "cs532-2022 loss;": -12.792242050170898, "_wandb": {"runtime": 17}}