{"cs532-2022program 3 params; epoch": 299, "cs532-2022program 3 params; sample6; 0": [0.13284119963645935, 1.6516772508621216, 3.008643627166748], "cs532-2022program 3 params; sample3; 0": 2.4682090282440186, "cs532-2022program 3 params; sample3; 1": 0.16473771631717682, "cs532-2022program 3 params; sample1; 0": 2.2793526649475098, "cs532-2022program 3 params; sample1; 1": 0.3349374234676361, "cs532-2022program 3 params; sample2; 0": 0.9903587102890015, "cs532-2022program 3 params; sample2; 1": 1.7055187225341797, "cs532-2022program 3 params; sample4; 0": 1.6823612451553345, "cs532-2022program 3 params; sample4; 1": 1.9326707124710083, "cs532-2022program 3 params; sample19; 0": [-4.185184001922607, -4.556018829345703, -2.316904306411743], "cs532-2022program 3 params; sample0; 0": 0.6138184666633606, "cs532-2022program 3 params; sample0; 1": 0.89300537109375, "cs532-2022program 3 params; sample5; 0": 2.2509443759918213, "cs532-2022program 3 params; sample5; 1": 0.2675357162952423, "cs532-2022program 3 params; sample15; 0": [-5.390609264373779, -2.802293062210083, -3.8897695541381836], "cs532-2022program 3 params; sample7; 0": [-6.455552101135254, -2.6222636699676514, -3.159210205078125], "cs532-2022program 3 params; sample9; 0": [-3.460810422897339, -5.6599555015563965, -2.4825949668884277], "cs532-2022program 3 params; sample13; 0": [-2.7628369331359863, -6.069009780883789, -3.7625036239624023], "cs532-2022program 3 params; sample11; 0": [-3.283437728881836, -3.2890372276306152, -4.237401485443115], "cs532-2022program 3 params; sample17; 0": [-5.748192310333252, -5.133192539215088, -2.4977588653564453], "_timestamp": 1666757957.1690922, "_runtime": 152.86355113983154, "_step": 599, "cs532-2022 loss; program 3; epoch": 299, "cs532-2022 loss; program 3;": -1657.7060546875, "_wandb": {"runtime": 152}}