{"cs532-2022program 4 params; epoch": 149, "cs532-2022program 4 params; sample79; 0": -0.9085678458213806, "cs532-2022program 4 params; sample79; 1": 1.0490378141403198, "cs532-2022program 4 params; sample60; 0": 0.4831412434577942, "cs532-2022program 4 params; sample60; 1": 1.2809460163116455, "cs532-2022program 4 params; sample11; 0": -0.21720799803733826, "cs532-2022program 4 params; sample11; 1": 1.0739855766296387, "cs532-2022program 4 params; sample122; 0": -1.4870545864105225, "cs532-2022program 4 params; sample122; 1": 1.8076436519622803, "cs532-2022program 4 params; sample77; 0": 0.24590849876403809, "cs532-2022program 4 params; sample77; 1": 0.5375853180885315, "cs532-2022program 4 params; sample21; 0": 0.04425652325153351, "cs532-2022program 4 params; sample21; 1": 0.5997273325920105, "cs532-2022program 4 params; sample110; 0": -0.6762741804122925, "cs532-2022program 4 params; sample110; 1": 1.4975054264068604, "cs532-2022program 4 params; sample85; 0": -3.101121425628662, "cs532-2022program 4 params; sample85; 1": 0.16548044979572296, "cs532-2022program 4 params; sample41; 0": 1.053589105606079, "cs532-2022program 4 params; sample41; 1": 0.4693247377872467, "cs532-2022program 4 params; sample130; 0": 0.030277222394943237, "cs532-2022program 4 params; sample130; 1": 0.5949942469596863, "cs532-2022program 4 params; sample134; 0": 1.6582711935043335, "cs532-2022program 4 params; sample134; 1": 0.7734894156455994, "cs532-2022program 4 params; sample113; 0": 2.4641950130462646, "cs532-2022program 4 params; sample113; 1": 0.8512861728668213, "cs532-2022program 4 params; sample100; 0": -1.3633557558059692, "cs532-2022program 4 params; sample100; 1": 0.250017374753952, "cs532-2022program 4 params; sample3; 0": -0.6659550070762634, "cs532-2022program 4 params; sample3; 1": 0.8713015913963318, "cs532-2022program 4 params; sample67; 0": 0.49941062927246094, "cs532-2022program 4 params; sample67; 1": 1.1279709339141846, "cs532-2022program 4 params; sample32; 0": 1.1906139850616455, "cs532-2022program 4 params; sample32; 1": 1.4124577045440674, "cs532-2022program 4 params; sample37; 0": 2.3302993774414062, "cs532-2022program 4 params; sample37; 1": 0.8975360989570618, "cs532-2022program 4 params; sample124; 0": -0.18467648327350616, "cs532-2022program 4 params; sample124; 1": 2.3063511848449707, "cs532-2022program 4 params; sample105; 0": 1.2830883264541626, "cs532-2022program 4 params; sample105; 1": 1.0518842935562134, "cs532-2022program 4 params; sample135; 0": 0.4529901444911957, "cs532-2022program 4 params; sample135; 1": 0.6139471530914307, "cs532-2022program 4 params; sample81; 0": -1.6628649234771729, "cs532-2022program 4 params; sample81; 1": 2.0514729022979736, "cs532-2022program 4 params; sample141; 0": 1.8644869327545166, "cs532-2022program 4 params; sample141; 1": 1.296797752380371, "cs532-2022program 4 params; sample118; 0": 0.47738388180732727, "cs532-2022program 4 params; sample118; 1": 0.3520537316799164, "cs532-2022program 4 params; sample139; 0": 0.8004317283630371, "cs532-2022program 4 params; sample139; 1": 0.785293459892273, "cs532-2022program 4 params; sample26; 0": -0.10277554392814636, "cs532-2022program 4 params; sample26; 1": 0.8934882283210754, "cs532-2022program 4 params; sample33; 0": -0.4602925181388855, "cs532-2022program 4 params; sample33; 1": 0.634755551815033, "cs532-2022program 4 params; sample108; 0": -0.4988550841808319, "cs532-2022program 4 params; sample108; 1": 2.121969699859619, "cs532-2022program 4 params; sample114; 0": 1.1328526735305786, "cs532-2022program 4 params; sample114; 1": 0.5227470397949219, "cs532-2022program 4 params; sample99; 0": -3.2194650173187256, "cs532-2022program 4 params; sample99; 1": 0.964918851852417, "cs532-2022program 4 params; sample69; 0": 0.41930389404296875, "cs532-2022program 4 params; sample69; 1": 2.224015474319458, "cs532-2022program 4 params; sample42; 0": 1.4022574424743652, "cs532-2022program 4 params; sample42; 1": 0.5977720618247986, "cs532-2022program 4 params; sample128; 0": -0.5466954112052917, "cs532-2022program 4 params; sample128; 1": 1.3421202898025513, "cs532-2022program 4 params; sample84; 0": 1.8868132829666138, "cs532-2022program 4 params; sample84; 1": 0.0802256166934967, "cs532-2022program 4 params; sample76; 0": 0.45152583718299866, "cs532-2022program 4 params; sample76; 1": 0.15972530841827393, "cs532-2022program 4 params; sample45; 0": 1.2799431085586548, "cs532-2022program 4 params; sample45; 1": 1.088771104812622, "cs532-2022program 4 params; sample1; 0": -0.5561169981956482, "cs532-2022program 4 params; sample1; 1": 2.2206451892852783, "cs532-2022program 4 params; sample2; 0": 0.07621055096387863, "cs532-2022program 4 params; sample2; 1": 0.5682141184806824, "cs532-2022program 4 params; sample123; 0": 1.1459507942199707, "cs532-2022program 4 params; sample123; 1": 0.7362236976623535, "cs532-2022program 4 params; sample140; 0": 0.3535439968109131, "cs532-2022program 4 params; sample140; 1": 1.993037223815918, "cs532-2022program 4 params; sample4; 0": 0.4113315939903259, "cs532-2022program 4 params; sample4; 1": 0.17112791538238525, "cs532-2022program 4 params; sample120; 0": 1.5263394117355347, "cs532-2022program 4 params; sample120; 1": 1.3127713203430176, "cs532-2022program 4 params; sample44; 0": -0.5919401049613953, "cs532-2022program 4 params; sample44; 1": 0.4499679207801819, "cs532-2022program 4 params; sample112; 0": 1.3143593072891235, "cs532-2022program 4 params; sample112; 1": 1.7036093473434448, "cs532-2022program 4 params; sample106; 0": -2.280524730682373, "cs532-2022program 4 params; sample106; 1": 0.07992136478424072, "cs532-2022program 4 params; sample22; 0": 1.8373363018035889, "cs532-2022program 4 params; sample22; 1": 2.150590181350708, "cs532-2022program 4 params; sample14; 0": -0.29859185218811035, "cs532-2022program 4 params; sample14; 1": 1.741942048072815, "cs532-2022program 4 params; sample74; 0": 0.12849706411361694, "cs532-2022program 4 params; sample74; 1": 1.0013141632080078, "cs532-2022program 4 params; sample68; 0": 0.530479907989502, "cs532-2022program 4 params; sample68; 1": 1.3758305311203003, "cs532-2022program 4 params; sample62; 0": -0.8231979608535767, "cs532-2022program 4 params; sample62; 1": 2.340599536895752, "cs532-2022program 4 params; sample13; 0": 0.5894576907157898, "cs532-2022program 4 params; sample13; 1": 0.32417017221450806, "cs532-2022program 4 params; sample78; 0": -0.13977843523025513, "cs532-2022program 4 params; sample78; 1": 0.8997548818588257, "cs532-2022program 4 params; sample49; 0": -0.9451156854629517, "cs532-2022program 4 params; sample49; 1": 1.465311050415039, "cs532-2022program 4 params; sample47; 0": -1.5452337265014648, "cs532-2022program 4 params; sample47; 1": 0.3982253670692444, "cs532-2022program 4 params; sample59; 0": -2.63430118560791, "cs532-2022program 4 params; sample59; 1": 0.38032016158103943, "cs532-2022program 4 params; sample16; 0": 2.0308749675750732, "cs532-2022program 4 params; sample16; 1": 0.5091802477836609, "cs532-2022program 4 params; sample70; 0": -1.1348001956939697, "cs532-2022program 4 params; sample70; 1": 0.7362908720970154, "cs532-2022program 4 params; sample50; 0": -1.8038811683654785, "cs532-2022program 4 params; sample50; 1": 1.0709307193756104, "cs532-2022program 4 params; sample94; 0": -1.920224905014038, "cs532-2022program 4 params; sample94; 1": 2.0136210918426514, "cs532-2022program 4 params; sample89; 0": -0.06912652403116226, "cs532-2022program 4 params; sample89; 1": 0.5543360710144043, "cs532-2022program 4 params; sample80; 0": 2.307115316390991, "cs532-2022program 4 params; sample80; 1": 0.2258487045764923, "cs532-2022program 4 params; sample71; 0": 0.8758817315101624, "cs532-2022program 4 params; sample71; 1": 2.1866579055786133, "cs532-2022program 4 params; sample75; 0": -0.572533905506134, "cs532-2022program 4 params; sample75; 1": 2.3024089336395264, "cs532-2022program 4 params; sample82; 0": 0.141837939620018,