{"cs532-2022program 3 params; epoch": 299, "cs532-2022program 3 params; sample6; 0": [1.5313233137130737, 1.5421696901321411, 0.13754725456237793], "cs532-2022program 3 params; sample3; 0": 1.3289036750793457, "cs532-2022program 3 params; sample3; 1": 1.1032053232192993, "cs532-2022program 3 params; sample1; 0": 1.2483428716659546, "cs532-2022program 3 params; sample1; 1": 0.7620368599891663, "cs532-2022program 3 params; sample2; 0": 0.954536497592926, "cs532-2022program 3 params; sample2; 1": 0.6586906313896179, "cs532-2022program 3 params; sample4; 0": 0.10010025650262833, "cs532-2022program 3 params; sample4; 1": 1.4003678560256958, "cs532-2022program 3 params; sample19; 0": [-2.7805440425872803, -3.8255012035369873, -4.402846336364746], "cs532-2022program 3 params; sample0; 0": -0.9212210774421692, "cs532-2022program 3 params; sample0; 1": 0.9327456951141357, "cs532-2022program 3 params; sample5; 0": 1.4149467945098877, "cs532-2022program 3 params; sample5; 1": 0.94677734375, "cs532-2022program 3 params; sample15; 0": [-2.8172976970672607, -2.604004383087158, -6.992702484130859], "cs532-2022program 3 params; sample7; 0": [-3.5377602577209473, -4.424863338470459, -2.6976816654205322], "cs532-2022program 3 params; sample9; 0": [-2.916517734527588, -2.2290232181549072, -6.1933274269104], "cs532-2022program 3 params; sample13; 0": [-5.110218048095703, -5.559516429901123, -2.192223310470581], "cs532-2022program 3 params; sample11; 0": [-4.362733840942383, -6.331065654754639, -2.11483097076416], "cs532-2022program 3 params; sample17; 0": [-2.7067596912384033, -2.7960710525512695, -6.367923736572266], "_timestamp": 1666759153.836062, "_runtime": 154.14185905456543, "_step": 600, "cs532-2022 loss; program 3; epoch": 299, "cs532-2022 loss; program 3;": -12610.7333984375, "Program 3_table": {"_type": "table-file", "sha256": "2e45a0eb7b6b3e8c5721efc7bea86794e45b798dad6e27ac2a6f0ba594222745", "size": 128928, "artifact_path": "wandb-client-artifact://tda1l6iphg1bfu0chuut7fwwdkpcxzu39x1wd4l9byj0tnoh4hxb352wodpshdy968b4gx0uy1yvydv8zkk26xlvpi8nq35ora7w94xa80wadozcw91p0fwkfqzqqxj5:latest/Program 3_table.table.json", "_latest_artifact_path": "wandb-client-artifact://tda1l6iphg1bfu0chuut7fwwdkpcxzu39x1wd4l9byj0tnoh4hxb352wodpshdy968b4gx0uy1yvydv8zkk26xlvpi8nq35ora7w94xa80wadozcw91p0fwkfqzqqxj5:latest/Program 3_table.table.json", "path": "media/table/Program 3_table_600_2e45a0eb7b6b3e8c5721.table.json", "ncols": 2, "nrows": 10000}, "_wandb": {"runtime": 153}}