{"cs532-2022program 5 params; epoch": 999, "cs532-2022program 5 params; sample1; 0": 25.187925338745117, "cs532-2022program 5 params; sample1; 1": 21.950855255126953, "cs532-2022program 5 params; sample2; 0": 0.009999999776482582, "cs532-2022program 5 params; sample2; 1": 61.895816802978516, "_timestamp": 1666833594.931638, "_runtime": 8.968399047851562, "_step": 2000, "cs532-2022 loss; program 5; epoch": 999, "cs532-2022 loss; program 5;": -24818266112.0, "Program 5_table": {"_type": "table-file", "sha256": "a5b9a11fcf237f637d1949dafb20be7775eba878644db910a35b94aae978cb24", "size": 272522, "artifact_path": "wandb-client-artifact://1213i3ogm3wy5jeckscgmsl8c5qlaa4wvdmg0t3sf45uyr4u7876jo128xbawgtkhhh83521nj6hvlre4ehhx70o1jvyomwtdd6xg0xl80ynsoy7ljw87urzemre2n8c:latest/Program 5_table.table.json", "_latest_artifact_path": "wandb-client-artifact://1213i3ogm3wy5jeckscgmsl8c5qlaa4wvdmg0t3sf45uyr4u7876jo128xbawgtkhhh83521nj6hvlre4ehhx70o1jvyomwtdd6xg0xl80ynsoy7ljw87urzemre2n8c:latest/Program 5_table.table.json", "path": "media/table/Program 5_table_2000_a5b9a11fcf237f637d19.table.json", "ncols": 2, "nrows": 10000}, "_wandb": {"runtime": 8}}