{"cs532-2022 params; epoch": 0, "cs532-2022 params; sample2; 0": 0.09999998658895493, "cs532-2022 params; sample2; 1": 0.9999999403953552, "_timestamp": 1666754620.508835, "_runtime": 1.191310167312622, "_step": 0, "_wandb": {"runtime": 0}}