{"cs532-2022 params; epoch": 299, "cs532-2022 params; sample2; 0": 7.168941020965576, "cs532-2022 params; sample2; 1": 0.8286200761795044, "_timestamp": 1666756045.8058739, "_runtime": 26.54068875312805, "_step": 600, "cs532-2022 loss; program 1; epoch": 299, "cs532-2022 loss; program 1;": -10.823372840881348, "Program 1_table": {"_type": "table-file", "sha256": "8d92d3f4d25f442366d090062be2bfaeee41f45c9d24ea7e546db3e40d54a4f0", "size": 288725, "artifact_path": "wandb-client-artifact://46pgn9hnnsog7acv11w79w713b41sihooruuuv2b3x9wbx1os5saszb6pq89d04ivglnwd89kat94zfqkhph3jeb57gthsnrin2u9ty11g1czc7q7fih759v4s1jg0ak:latest/Program 1_table.table.json", "_latest_artifact_path": "wandb-client-artifact://46pgn9hnnsog7acv11w79w713b41sihooruuuv2b3x9wbx1os5saszb6pq89d04ivglnwd89kat94zfqkhph3jeb57gthsnrin2u9ty11g1czc7q7fih759v4s1jg0ak:latest/Program 1_table.table.json", "path": "media/table/Program 1_table_600_8d92d3f4d25f442366d0.table.json", "ncols": 2, "nrows": 100000}, "_wandb": {"runtime": 26}}