{"Program 1 samples; epoch": 999, "Program 1 samples": -1.207411289215088, "_timestamp": 1664650965.33493, "_runtime": 8.654379844665527, "_step": 999, "_wandb": {"runtime": 8}}