{"cs532-2022 params; epoch": 299, "cs532-2022 params; sample2; 0": 7.170693874359131, "cs532-2022 params; sample2; 1": 0.8626580238342285, "_timestamp": 1666754788.7875001, "_runtime": 75.6036012172699, "_step": 600, "cs532-2022 loss; epoch": 299, "cs532-2022 loss;": -10.740605354309082, "Program 1_table": {"_type": "table-file", "sha256": "3b6f52802c3f56fc1309c835e575c809851d22891030ddcbf8419c8e59367b90", "size": 268656, "artifact_path": "wandb-client-artifact://ha7z8y4g5077xvrexavlbbijsyjliw1bvuv7yn97sguhlypxhh5yaxgrtsc2l3jvu25tkhlc38tbcehentdb8i6v6at2mjny46dkootlmegufjmd8xvo9f75v1fsr4h6:latest/Program 1_table.table.json", "_latest_artifact_path": "wandb-client-artifact://ha7z8y4g5077xvrexavlbbijsyjliw1bvuv7yn97sguhlypxhh5yaxgrtsc2l3jvu25tkhlc38tbcehentdb8i6v6at2mjny46dkootlmegufjmd8xvo9f75v1fsr4h6:latest/Program 1_table.table.json", "path": "media/table/Program 1_table_600_3b6f52802c3f56fc1309.table.json", "ncols": 2, "nrows": 1000000}, "_wandb": {"runtime": 75}}