{"cs532-2022program 4 params; epoch": 65, "cs532-2022program 4 params; sample79; 0": 2.3689589500427246, "cs532-2022program 4 params; sample79; 1": 0.76581871509552, "cs532-2022program 4 params; sample60; 0": -1.1267575025558472, "cs532-2022program 4 params; sample60; 1": 1.0766499042510986, "cs532-2022program 4 params; sample11; 0": -0.26119720935821533, "cs532-2022program 4 params; sample11; 1": 1.2251198291778564, "cs532-2022program 4 params; sample122; 0": -0.516120433807373, "cs532-2022program 4 params; sample122; 1": 0.726896345615387, "cs532-2022program 4 params; sample77; 0": 1.2913610935211182, "cs532-2022program 4 params; sample77; 1": 1.148133397102356, "cs532-2022program 4 params; sample21; 0": -0.1400342434644699, "cs532-2022program 4 params; sample21; 1": 0.5777855515480042, "cs532-2022program 4 params; sample110; 0": 0.3531966507434845, "cs532-2022program 4 params; sample110; 1": 0.4270729124546051, "cs532-2022program 4 params; sample85; 0": -0.15725469589233398, "cs532-2022program 4 params; sample85; 1": 0.8767748475074768, "cs532-2022program 4 params; sample41; 0": 0.8487330675125122, "cs532-2022program 4 params; sample41; 1": 1.1119794845581055, "cs532-2022program 4 params; sample130; 0": 0.5863192081451416, "cs532-2022program 4 params; sample130; 1": 2.279448986053467, "cs532-2022program 4 params; sample134; 0": 0.017627671360969543, "cs532-2022program 4 params; sample134; 1": 0.8040831685066223, "cs532-2022program 4 params; sample113; 0": 0.008428284898400307, "cs532-2022program 4 params; sample113; 1": 0.6943104863166809, "cs532-2022program 4 params; sample100; 0": 1.6832809448242188, "cs532-2022program 4 params; sample100; 1": 0.7588501572608948, "cs532-2022program 4 params; sample3; 0": 1.1947931051254272, "cs532-2022program 4 params; sample3; 1": 0.8126209378242493, "cs532-2022program 4 params; sample67; 0": -0.13810695707798004, "cs532-2022program 4 params; sample67; 1": 1.323644757270813, "cs532-2022program 4 params; sample32; 0": 0.9197148680686951, "cs532-2022program 4 params; sample32; 1": 1.6910479068756104, "cs532-2022program 4 params; sample37; 0": -1.2408982515335083, "cs532-2022program 4 params; sample37; 1": 0.9195929765701294, "cs532-2022program 4 params; sample124; 0": -0.393670916557312, "cs532-2022program 4 params; sample124; 1": 0.8062528371810913, "cs532-2022program 4 params; sample105; 0": 0.6173653602600098, "cs532-2022program 4 params; sample105; 1": 2.444443941116333, "cs532-2022program 4 params; sample135; 0": -0.7655599117279053, "cs532-2022program 4 params; sample135; 1": 0.5565100312232971, "cs532-2022program 4 params; sample81; 0": -0.5144404172897339, "cs532-2022program 4 params; sample81; 1": 1.1856346130371094, "cs532-2022program 4 params; sample141; 0": 0.8716112971305847, "cs532-2022program 4 params; sample141; 1": 2.738320827484131, "cs532-2022program 4 params; sample118; 0": -0.08410542458295822, "cs532-2022program 4 params; sample118; 1": 1.519164800643921, "cs532-2022program 4 params; sample139; 0": -1.0052162408828735, "cs532-2022program 4 params; sample139; 1": 1.7852431535720825, "cs532-2022program 4 params; sample26; 0": -2.6075282096862793, "cs532-2022program 4 params; sample26; 1": 0.54050213098526, "cs532-2022program 4 params; sample33; 0": 1.5648332834243774, "cs532-2022program 4 params; sample33; 1": 0.8617712259292603, "cs532-2022program 4 params; sample108; 0": -0.9692307114601135, "cs532-2022program 4 params; sample108; 1": 1.332207441329956, "cs532-2022program 4 params; sample114; 0": 0.051639094948768616, "cs532-2022program 4 params; sample114; 1": 1.576729416847229, "cs532-2022program 4 params; sample99; 0": -0.175034761428833, "cs532-2022program 4 params; sample99; 1": 1.919920802116394, "cs532-2022program 4 params; sample69; 0": 1.6432400941848755, "cs532-2022program 4 params; sample69; 1": 1.1005090475082397, "cs532-2022program 4 params; sample42; 0": -0.2695305347442627, "cs532-2022program 4 params; sample42; 1": 0.600063681602478, "cs532-2022program 4 params; sample128; 0": -0.8454426527023315, "cs532-2022program 4 params; sample128; 1": 0.7821030020713806, "cs532-2022program 4 params; sample84; 0": 0.46041086316108704, "cs532-2022program 4 params; sample84; 1": 1.4478267431259155, "cs532-2022program 4 params; sample76; 0": -0.2260896861553192, "cs532-2022program 4 params; sample76; 1": 1.4089182615280151, "cs532-2022program 4 params; sample45; 0": -1.2654588222503662, "cs532-2022program 4 params; sample45; 1": 1.3414446115493774, "cs532-2022program 4 params; sample1; 0": 0.8828392624855042, "cs532-2022program 4 params; sample1; 1": 1.10709810256958, "cs532-2022program 4 params; sample2; 0": 0.6877561211585999, "cs532-2022program 4 params; sample2; 1": 2.324688196182251, "cs532-2022program 4 params; sample123; 0": -0.5002800822257996, "cs532-2022program 4 params; sample123; 1": 1.7138144969940186, "cs532-2022program 4 params; sample140; 0": -0.6575077176094055, "cs532-2022program 4 params; sample140; 1": 2.462437391281128, "cs532-2022program 4 params; sample4; 0": -0.18706490099430084, "cs532-2022program 4 params; sample4; 1": 0.23691725730895996, "cs532-2022program 4 params; sample120; 0": 0.30588939785957336, "cs532-2022program 4 params; sample120; 1": 1.3023412227630615, "cs532-2022program 4 params; sample44; 0": -1.3960518836975098, "cs532-2022program 4 params; sample44; 1": 0.4384600818157196, "cs532-2022program 4 params; sample112; 0": 1.1628146171569824, "cs532-2022program 4 params; sample112; 1": 1.6785931587219238, "cs532-2022program 4 params; sample106; 0": 0.36161601543426514, "cs532-2022program 4 params; sample106; 1": 2.827270984649658, "cs532-2022program 4 params; sample22; 0": 0.8195730447769165, "cs532-2022program 4 params; sample22; 1": 0.9909020066261292, "cs532-2022program 4 params; sample14; 0": -1.4554846286773682, "cs532-2022program 4 params; sample14; 1": 1.2395750284194946, "cs532-2022program 4 params; sample74; 0": 0.6291982531547546, "cs532-2022program 4 params; sample74; 1": 1.548840880393982, "cs532-2022program 4 params; sample68; 0": -0.9290883541107178, "cs532-2022program 4 params; sample68; 1": 1.4192118644714355, "cs532-2022program 4 params; sample62; 0": -1.7867441177368164, "cs532-2022program 4 params; sample62; 1": 1.2361085414886475, "cs532-2022program 4 params; sample13; 0": -1.031364917755127, "cs532-2022program 4 params; sample13; 1": 0.512580394744873, "cs532-2022program 4 params; sample78; 0": 0.4337315857410431, "cs532-2022program 4 params; sample78; 1": 0.4552308917045593, "cs532-2022program 4 params; sample49; 0": 0.8053151369094849, "cs532-2022program 4 params; sample49; 1": 1.217456340789795, "cs532-2022program 4 params; sample47; 0": -0.04290548712015152, "cs532-2022program 4 params; sample47; 1": 1.252381443977356, "cs532-2022program 4 params; sample59; 0": 0.776006281375885, "cs532-2022program 4 params; sample59; 1": 1.0637353658676147, "cs532-2022program 4 params; sample16; 0": 0.287706196308136, "cs532-2022program 4 params; sample16; 1": 1.0077688694000244, "cs532-2022program 4 params; sample70; 0": 0.8822139501571655, "cs532-2022program 4 params; sample70; 1": 1.1020228862762451, "cs532-2022program 4 params; sample50; 0": -0.012625746428966522, "cs532-2022program 4 params; sample50; 1": 2.116464614868164, "cs532-2022program 4 params; sample94; 0": 0.4927964210510254, "cs532-2022program 4 params; sample94; 1": 1.9225306510925293, "cs532-2022program 4 params; sample89; 0": -0.1099500060081482, "cs532-2022program 4 params; sample89; 1": 1.7757829427719116, "cs532-2022program 4 params; sample80; 0": -1.2646013498306274, "cs532-2022program 4 params; sample80; 1": 2.471616506576538, "cs532-2022program 4 params; sample71; 0": 0.5936530828475952, "cs532-2022program 4 params; sample71; 1": 1.557652473449707, "cs532-2022program 4 params; sample75; 0": -1.2809687852859497, "cs532-2022program 4 params; sample75; 1": 1.6525118350982666, "cs532-2022program 4 params; sample82; 0": 0.3213866949081421,