{"Program 1 samples; epoch": 503, "Program 1 samples": 171.0, "_timestamp": 1667437894.771465, "_runtime": 13.420415163040161, "_step": 503, "_wandb": {"runtime": 14}}