{"cs532-2022program 5 params; epoch": 999, "cs532-2022program 5 params; sample1; 0": -32.10026168823242, "cs532-2022program 5 params; sample1; 1": 1.0173611640930176, "cs532-2022program 5 params; sample2; 0": 0.009999999776482582, "cs532-2022program 5 params; sample2; 1": 29.138736724853516, "_timestamp": 1666833155.3578272, "_runtime": 63.461573123931885, "_step": 2000, "cs532-2022 loss; program 5; epoch": 999, "cs532-2022 loss; program 5;": -1061.9931640625, "Program 5_table": {"_type": "table-file", "sha256": "12e3d39d4adc980b90d68380d6ac2ecc600806e3a3720a8b4a60bc96a0d4aec2", "size": 274095, "artifact_path": "wandb-client-artifact://10aoynizzzmr2cpd3zh6q5h36ll3xtqtk9jttnl3bse3vxig3ardiozq79d7ucx01bmxnqfmj45zta2nl81oc9r5nu6a8f9txa2pkbxaah33vg0dgvdfp22ud30wzml3:latest/Program 5_table.table.json", "_latest_artifact_path": "wandb-client-artifact://10aoynizzzmr2cpd3zh6q5h36ll3xtqtk9jttnl3bse3vxig3ardiozq79d7ucx01bmxnqfmj45zta2nl81oc9r5nu6a8f9txa2pkbxaah33vg0dgvdfp22ud30wzml3:latest/Program 5_table.table.json", "path": "media/table/Program 5_table_2000_12e3d39d4adc980b90d6.table.json", "ncols": 2, "nrows": 10000}, "_wandb": {"runtime": 62}}