{"cs532-2022program 4 params; epoch": 88, "cs532-2022program 4 params; sample79; 0": 0.5333466529846191, "cs532-2022program 4 params; sample79; 1": 0.5834308862686157, "cs532-2022program 4 params; sample60; 0": 1.1888628005981445, "cs532-2022program 4 params; sample60; 1": 1.3560504913330078, "cs532-2022program 4 params; sample11; 0": -1.30826997756958, "cs532-2022program 4 params; sample11; 1": 0.474903404712677, "cs532-2022program 4 params; sample122; 0": -0.6849508285522461, "cs532-2022program 4 params; sample122; 1": 1.2903293371200562, "cs532-2022program 4 params; sample77; 0": -0.5758935213088989, "cs532-2022program 4 params; sample77; 1": 0.3337615728378296, "cs532-2022program 4 params; sample21; 0": -1.6135118007659912, "cs532-2022program 4 params; sample21; 1": 0.7103258371353149, "cs532-2022program 4 params; sample110; 0": 0.8421977162361145, "cs532-2022program 4 params; sample110; 1": 0.9112594723701477, "cs532-2022program 4 params; sample85; 0": -0.7552323937416077, "cs532-2022program 4 params; sample85; 1": 0.8081008195877075, "cs532-2022program 4 params; sample41; 0": 1.4306923151016235, "cs532-2022program 4 params; sample41; 1": 0.7937135696411133, "cs532-2022program 4 params; sample130; 0": 0.017047280445694923, "cs532-2022program 4 params; sample130; 1": 1.4126532077789307, "cs532-2022program 4 params; sample134; 0": -0.11496223509311676, "cs532-2022program 4 params; sample134; 1": 1.8335903882980347, "cs532-2022program 4 params; sample113; 0": -1.3703999519348145, "cs532-2022program 4 params; sample113; 1": 1.6604621410369873, "cs532-2022program 4 params; sample100; 0": -0.7714290022850037, "cs532-2022program 4 params; sample100; 1": 0.5228383541107178, "cs532-2022program 4 params; sample3; 0": 0.4386701285839081, "cs532-2022program 4 params; sample3; 1": 1.7052809000015259, "cs532-2022program 4 params; sample67; 0": -0.7016724348068237, "cs532-2022program 4 params; sample67; 1": 2.4901978969573975, "cs532-2022program 4 params; sample32; 0": -0.974620521068573, "cs532-2022program 4 params; sample32; 1": 0.18300125002861023, "cs532-2022program 4 params; sample37; 0": 0.13424545526504517, "cs532-2022program 4 params; sample37; 1": 1.2244936227798462, "cs532-2022program 4 params; sample124; 0": 0.7817587852478027, "cs532-2022program 4 params; sample124; 1": 0.3814837336540222, "cs532-2022program 4 params; sample105; 0": 0.6382356882095337, "cs532-2022program 4 params; sample105; 1": 0.8823027014732361, "cs532-2022program 4 params; sample135; 0": 1.780297040939331, "cs532-2022program 4 params; sample135; 1": 1.5488488674163818, "cs532-2022program 4 params; sample81; 0": -0.7117586135864258, "cs532-2022program 4 params; sample81; 1": 1.1310484409332275, "cs532-2022program 4 params; sample141; 0": -1.3077727556228638, "cs532-2022program 4 params; sample141; 1": 0.8259048461914062, "cs532-2022program 4 params; sample118; 0": -1.101348638534546, "cs532-2022program 4 params; sample118; 1": 0.2502090632915497, "cs532-2022program 4 params; sample139; 0": -1.3424617052078247, "cs532-2022program 4 params; sample139; 1": 0.9907274842262268, "cs532-2022program 4 params; sample26; 0": 0.9077571630477905, "cs532-2022program 4 params; sample26; 1": 1.0536341667175293, "cs532-2022program 4 params; sample33; 0": -0.0353250652551651, "cs532-2022program 4 params; sample33; 1": 1.7527567148208618, "cs532-2022program 4 params; sample108; 0": 0.8910059332847595, "cs532-2022program 4 params; sample108; 1": 1.4140839576721191, "cs532-2022program 4 params; sample114; 0": 3.1767618656158447, "cs532-2022program 4 params; sample114; 1": 0.6247159242630005, "cs532-2022program 4 params; sample99; 0": -0.21419668197631836, "cs532-2022program 4 params; sample99; 1": 1.1766430139541626, "cs532-2022program 4 params; sample69; 0": 0.011994601227343082, "cs532-2022program 4 params; sample69; 1": 0.9793265461921692, "cs532-2022program 4 params; sample42; 0": -0.702680766582489, "cs532-2022program 4 params; sample42; 1": 0.3523600101470947, "cs532-2022program 4 params; sample128; 0": 1.546302318572998, "cs532-2022program 4 params; sample128; 1": 0.4943012297153473, "cs532-2022program 4 params; sample84; 0": -0.33398160338401794, "cs532-2022program 4 params; sample84; 1": 1.559332251548767, "cs532-2022program 4 params; sample76; 0": -0.08223806321620941, "cs532-2022program 4 params; sample76; 1": 0.39892157912254333, "cs532-2022program 4 params; sample45; 0": -0.7076864242553711, "cs532-2022program 4 params; sample45; 1": 0.5935914516448975, "cs532-2022program 4 params; sample1; 0": 0.05429558828473091, "cs532-2022program 4 params; sample1; 1": 1.1287115812301636, "cs532-2022program 4 params; sample2; 0": -2.1665306091308594, "cs532-2022program 4 params; sample2; 1": 1.181382179260254, "cs532-2022program 4 params; sample123; 0": -0.3886365294456482, "cs532-2022program 4 params; sample123; 1": 2.196815252304077, "cs532-2022program 4 params; sample140; 0": 1.173038125038147, "cs532-2022program 4 params; sample140; 1": 0.8586616516113281, "cs532-2022program 4 params; sample4; 0": 1.0771198272705078, "cs532-2022program 4 params; sample4; 1": 1.2930500507354736, "cs532-2022program 4 params; sample120; 0": 0.017317499965429306, "cs532-2022program 4 params; sample120; 1": 1.1827706098556519, "cs532-2022program 4 params; sample44; 0": -1.4575977325439453, "cs532-2022program 4 params; sample44; 1": 0.6103304624557495, "cs532-2022program 4 params; sample112; 0": 1.5187047719955444, "cs532-2022program 4 params; sample112; 1": 1.1509885787963867, "cs532-2022program 4 params; sample106; 0": -1.3560067415237427, "cs532-2022program 4 params; sample106; 1": 0.9701870083808899, "cs532-2022program 4 params; sample22; 0": -3.026369571685791, "cs532-2022program 4 params; sample22; 1": 0.5294361710548401, "cs532-2022program 4 params; sample14; 0": 0.9265230298042297, "cs532-2022program 4 params; sample14; 1": 1.0748703479766846, "cs532-2022program 4 params; sample74; 0": -0.19588862359523773, "cs532-2022program 4 params; sample74; 1": 0.7344757318496704, "cs532-2022program 4 params; sample68; 0": -1.6062276363372803, "cs532-2022program 4 params; sample68; 1": 0.8584420084953308, "cs532-2022program 4 params; sample62; 0": -0.2950207591056824, "cs532-2022program 4 params; sample62; 1": 0.9978603720664978, "cs532-2022program 4 params; sample13; 0": 0.48188093304634094, "cs532-2022program 4 params; sample13; 1": 1.7788374423980713, "cs532-2022program 4 params; sample78; 0": 0.47162190079689026, "cs532-2022program 4 params; sample78; 1": 1.394484043121338, "cs532-2022program 4 params; sample49; 0": -0.775991678237915, "cs532-2022program 4 params; sample49; 1": 0.9316785931587219, "cs532-2022program 4 params; sample47; 0": -0.3760179877281189, "cs532-2022program 4 params; sample47; 1": 1.1573073863983154, "cs532-2022program 4 params; sample59; 0": -1.0171560049057007, "cs532-2022program 4 params; sample59; 1": 0.8033608198165894, "cs532-2022program 4 params; sample16; 0": 1.077820062637329, "cs532-2022program 4 params; sample16; 1": 1.2852076292037964, "cs532-2022program 4 params; sample70; 0": 0.9007447957992554, "cs532-2022program 4 params; sample70; 1": 1.9811279773712158, "cs532-2022program 4 params; sample50; 0": -0.43663710355758667, "cs532-2022program 4 params; sample50; 1": 0.727357029914856, "cs532-2022program 4 params; sample94; 0": 0.5020284652709961, "cs532-2022program 4 params; sample94; 1": 0.6081849336624146, "cs532-2022program 4 params; sample89; 0": -1.1020954847335815, "cs532-2022program 4 params; sample89; 1": 2.4592998027801514, "cs532-2022program 4 params; sample80; 0": 2.5971195697784424, "cs532-2022program 4 params; sample80; 1": 0.690620481967926, "cs532-2022program 4 params; sample71; 0": 1.2417747974395752, "cs532-2022program 4 params; sample71; 1": 0.58559650182724, "cs532-2022program 4 params; sample75; 0": 0.9100695848464966, "cs532-2022program 4 params; sample75; 1": 0.9938152432441711, "cs532-2022program 4 params; sample82; 0": -0.5048397183418274,