{"cs532-2022program 4 params; epoch": 137, "cs532-2022program 4 params; sample79; 0": null, "cs532-2022program 4 params; sample79; 1": 0.027721727266907692, "cs532-2022program 4 params; sample60; 0": null, "cs532-2022program 4 params; sample60; 1": 3.8231921195983887, "cs532-2022program 4 params; sample11; 0": null, "cs532-2022program 4 params; sample11; 1": 0.0021272904705256224, "cs532-2022program 4 params; sample122; 0": null, "cs532-2022program 4 params; sample122; 1": 7.841782569885254, "cs532-2022program 4 params; sample77; 0": null, "cs532-2022program 4 params; sample77; 1": 11.394152641296387, "cs532-2022program 4 params; sample21; 0": null, "cs532-2022program 4 params; sample21; 1": 0.00031120702624320984, "cs532-2022program 4 params; sample110; 0": null, "cs532-2022program 4 params; sample110; 1": 7.991642951965332, "cs532-2022program 4 params; sample85; 0": null, "cs532-2022program 4 params; sample85; 1": 10.464268684387207, "cs532-2022program 4 params; sample41; 0": null, "cs532-2022program 4 params; sample41; 1": 6.061892509460449, "cs532-2022program 4 params; sample130; 0": null, "cs532-2022program 4 params; sample130; 1": 7.0082688331604, "cs532-2022program 4 params; sample134; 0": null, "cs532-2022program 4 params; sample134; 1": 0.6484110951423645, "cs532-2022program 4 params; sample113; 0": null, "cs532-2022program 4 params; sample113; 1": 3.9584078788757324, "cs532-2022program 4 params; sample100; 0": null, "cs532-2022program 4 params; sample100; 1": 11.267601013183594, "cs532-2022program 4 params; sample3; 0": null, "cs532-2022program 4 params; sample3; 1": 5.075637340545654, "cs532-2022program 4 params; sample67; 0": null, "cs532-2022program 4 params; sample67; 1": 3.9311697483062744, "cs532-2022program 4 params; sample32; 0": null, "cs532-2022program 4 params; sample32; 1": 13.375619888305664, "cs532-2022program 4 params; sample37; 0": null, "cs532-2022program 4 params; sample37; 1": 8.213113784790039, "cs532-2022program 4 params; sample124; 0": null, "cs532-2022program 4 params; sample124; 1": 6.172520637512207, "cs532-2022program 4 params; sample105; 0": null, "cs532-2022program 4 params; sample105; 1": 3.2498080730438232, "cs532-2022program 4 params; sample135; 0": null, "cs532-2022program 4 params; sample135; 1": 10.374346733093262, "cs532-2022program 4 params; sample81; 0": null, "cs532-2022program 4 params; sample81; 1": 4.411393642425537, "cs532-2022program 4 params; sample141; 0": null, "cs532-2022program 4 params; sample141; 1": 5.9960475482512265e-05, "cs532-2022program 4 params; sample118; 0": null, "cs532-2022program 4 params; sample118; 1": 7.897088527679443, "cs532-2022program 4 params; sample139; 0": null, "cs532-2022program 4 params; sample139; 1": 1.127347707748413, "cs532-2022program 4 params; sample26; 0": null, "cs532-2022program 4 params; sample26; 1": 6.946611404418945, "cs532-2022program 4 params; sample33; 0": null, "cs532-2022program 4 params; sample33; 1": 6.710878849029541, "cs532-2022program 4 params; sample108; 0": null, "cs532-2022program 4 params; sample108; 1": 7.761016845703125, "cs532-2022program 4 params; sample114; 0": null, "cs532-2022program 4 params; sample114; 1": 4.614449501037598, "cs532-2022program 4 params; sample99; 0": null, "cs532-2022program 4 params; sample99; 1": 8.693779945373535, "cs532-2022program 4 params; sample69; 0": null, "cs532-2022program 4 params; sample69; 1": 0.05810554698109627, "cs532-2022program 4 params; sample42; 0": null, "cs532-2022program 4 params; sample42; 1": 14.988341331481934, "cs532-2022program 4 params; sample128; 0": null, "cs532-2022program 4 params; sample128; 1": 6.381586074829102, "cs532-2022program 4 params; sample84; 0": null, "cs532-2022program 4 params; sample84; 1": 3.6480178833007812, "cs532-2022program 4 params; sample76; 0": null, "cs532-2022program 4 params; sample76; 1": 2.6224141120910645, "cs532-2022program 4 params; sample45; 0": null, "cs532-2022program 4 params; sample45; 1": 4.816081523895264, "cs532-2022program 4 params; sample1; 0": null, "cs532-2022program 4 params; sample1; 1": 8.994245529174805, "cs532-2022program 4 params; sample2; 0": null, "cs532-2022program 4 params; sample2; 1": 0.040838319808244705, "cs532-2022program 4 params; sample123; 0": null, "cs532-2022program 4 params; sample123; 1": 6.699289321899414, "cs532-2022program 4 params; sample140; 0": null, "cs532-2022program 4 params; sample140; 1": 0.031804561614990234, "cs532-2022program 4 params; sample4; 0": null, "cs532-2022program 4 params; sample4; 1": 11.765519142150879, "cs532-2022program 4 params; sample120; 0": null, "cs532-2022program 4 params; sample120; 1": 6.579108238220215, "cs532-2022program 4 params; sample44; 0": null, "cs532-2022program 4 params; sample44; 1": 11.670822143554688, "cs532-2022program 4 params; sample112; 0": null, "cs532-2022program 4 params; sample112; 1": 0.2362838238477707, "cs532-2022program 4 params; sample106; 0": null, "cs532-2022program 4 params; sample106; 1": 0.667992115020752, "cs532-2022program 4 params; sample22; 0": null, "cs532-2022program 4 params; sample22; 1": 9.147587776184082, "cs532-2022program 4 params; sample14; 0": null, "cs532-2022program 4 params; sample14; 1": 9.520435333251953, "cs532-2022program 4 params; sample74; 0": null, "cs532-2022program 4 params; sample74; 1": 5.903090953826904, "cs532-2022program 4 params; sample68; 0": null, "cs532-2022program 4 params; sample68; 1": 9.90102767944336, "cs532-2022program 4 params; sample62; 0": null, "cs532-2022program 4 params; sample62; 1": 4.535876750946045, "cs532-2022program 4 params; sample13; 0": null, "cs532-2022program 4 params; sample13; 1": 6.01129674911499, "cs532-2022program 4 params; sample78; 0": null, "cs532-2022program 4 params; sample78; 1": 15.893555641174316, "cs532-2022program 4 params; sample49; 0": null, "cs532-2022program 4 params; sample49; 1": 8.768522262573242, "cs532-2022program 4 params; sample47; 0": null, "cs532-2022program 4 params; sample47; 1": 10.501303672790527, "cs532-2022program 4 params; sample59; 0": null, "cs532-2022program 4 params; sample59; 1": 2.6497890949249268, "cs532-2022program 4 params; sample16; 0": null, "cs532-2022program 4 params; sample16; 1": 11.983487129211426, "cs532-2022program 4 params; sample70; 0": null, "cs532-2022program 4 params; sample70; 1": 3.1362247467041016, "cs532-2022program 4 params; sample50; 0": null, "cs532-2022program 4 params; sample50; 1": 10.167291641235352, "cs532-2022program 4 params; sample94; 0": null, "cs532-2022program 4 params; sample94; 1": 0.1991722136735916, "cs532-2022program 4 params; sample89; 0": null, "cs532-2022program 4 params; sample89; 1": 5.721942901611328, "cs532-2022program 4 params; sample80; 0": null, "cs532-2022program 4 params; sample80; 1": 9.396127700805664, "cs532-2022program 4 params; sample71; 0": null, "cs532-2022program 4 params; sample71; 1": 0.11638449877500534, "cs532-2022program 4 params; sample75; 0": null, "cs532-2022program 4 params; sample75; 1": 4.794565200805664, "cs532-2022program 4 params; sample82; 0": null, "cs532-2022program 4 params; sample82; 1": 6.851562976837158, "cs532-2022program 4 params; sample90; 0": null, "cs532-2022program 4 params; sample90; 1": 2.65348219871521, "cs532-2022program 4 params; sample103; 0": null, "cs532-2022program 4 params; sample103; 1": 5.332401752471924, "cs532-2022program 4 params; sample38; 0": null, "cs532-2022program 4 params; sample38; 1": 4.537570953369141, "cs532-2022program 4 params; sample91; 0": null, "cs532-2022program 4 params; sample91; 1": 8.017143249511719, "cs532-2022program 4 params; sample35; 0": null, "cs532-2022program 4 params; sample35; 1": 6.217227935791016, "cs532-2022program 4 params; sample63; 0": null, "cs532-2022program 4 params; sample63; 1": 6.3904266357421875, "cs532-2022program 4 params; sample6; 0": null, "cs532-2022program 4 params; sample6; 1": 7.461335182189941, "cs532-2022program 4 params; sample137; 0": null,