{"cs532-2022program 1 params; epoch": 299, "cs532-2022program 1 params; sample2; 0": 7.241089344024658, "cs532-2022program 1 params; sample2; 1": 0.9254831671714783, "_timestamp": 1666756327.895761, "_runtime": 26.357315063476562, "_step": 600, "cs532-2022 loss; program 1; epoch": 299, "cs532-2022 loss; program 1;": -11.008811950683594, "Program 1_table": {"_type": "table-file", "sha256": "fa0b8b47a4eef9359fd4f29b62c141b8bc4a2723256f17b1701966851f3e4cec", "size": 288606, "artifact_path": "wandb-client-artifact://oi54t44cshf750l8qqxvymb8in92rzydmok48ccn10py0vle71jcaee3lorv9iny1839hlx5qx75lz6utsj0hvkpkuvml4d807a8kfeg15xipuwg2ngrej9tfo177pue:latest/Program 1_table.table.json", "_latest_artifact_path": "wandb-client-artifact://oi54t44cshf750l8qqxvymb8in92rzydmok48ccn10py0vle71jcaee3lorv9iny1839hlx5qx75lz6utsj0hvkpkuvml4d807a8kfeg15xipuwg2ngrej9tfo177pue:latest/Program 1_table.table.json", "path": "media/table/Program 1_table_600_fa0b8b47a4eef9359fd4.table.json", "ncols": 2, "nrows": 100000}, "_wandb": {"runtime": 25}}