{"cs532-2022program 5 params; epoch": 499, "cs532-2022program 5 params; sample1; 0": 31.476978302001953, "cs532-2022program 5 params; sample1; 1": 1.751378059387207, "cs532-2022program 5 params; sample2; 0": 0.009999999776482582, "cs532-2022program 5 params; sample2; 1": 27.716890335083008, "_timestamp": 1666832846.6450639, "_runtime": 32.5469069480896, "_step": 1000, "cs532-2022 loss; program 5; epoch": 499, "cs532-2022 loss; program 5;": -134.83392333984375, "Program 5_table": {"_type": "table-file", "sha256": "0008da26dae6ae49e5c9db6f012da21371b177d8f1cbc6cd817e5d45546b1fa2", "size": 274180, "artifact_path": "wandb-client-artifact://4yk06guuog40oj3xq1lgmnmb0c5q4p4zu6dcm4pvhpr4qbbrjxtbuj3z0n9sqjaoljts88bwinixkzmvy2eazf6tednau289nuzfujl5p9d02cxijv6mnty3wirhyd38:latest/Program 5_table.table.json", "_latest_artifact_path": "wandb-client-artifact://4yk06guuog40oj3xq1lgmnmb0c5q4p4zu6dcm4pvhpr4qbbrjxtbuj3z0n9sqjaoljts88bwinixkzmvy2eazf6tednau289nuzfujl5p9d02cxijv6mnty3wirhyd38:latest/Program 5_table.table.json", "path": "media/table/Program 5_table_1000_0008da26dae6ae49e5c9.table.json", "ncols": 2, "nrows": 10000}, "_wandb": {"runtime": 32}}