{"cs532-2022program 4 params; epoch": 499, "cs532-2022program 4 params; sample79; 0": 5.910517692565918, "cs532-2022program 4 params; sample79; 1": 3.0393173694610596, "cs532-2022program 4 params; sample60; 0": -0.7310534715652466, "cs532-2022program 4 params; sample60; 1": 0.17275011539459229, "cs532-2022program 4 params; sample11; 0": 0.1155276894569397, "cs532-2022program 4 params; sample11; 1": 5.349833011627197, "cs532-2022program 4 params; sample122; 0": 3.0574703216552734, "cs532-2022program 4 params; sample122; 1": 0.3492814600467682, "cs532-2022program 4 params; sample77; 0": 2.2263782024383545, "cs532-2022program 4 params; sample77; 1": 2.83886981010437, "cs532-2022program 4 params; sample21; 0": 2.373051643371582, "cs532-2022program 4 params; sample21; 1": 3.870378255844116, "cs532-2022program 4 params; sample110; 0": 1.072502851486206, "cs532-2022program 4 params; sample110; 1": 6.2483229637146, "cs532-2022program 4 params; sample85; 0": -0.8815827965736389, "cs532-2022program 4 params; sample85; 1": 1.3537490367889404, "cs532-2022program 4 params; sample41; 0": -3.96466064453125, "cs532-2022program 4 params; sample41; 1": 3.6301839351654053, "cs532-2022program 4 params; sample130; 0": 4.391455173492432, "cs532-2022program 4 params; sample130; 1": 3.6536436080932617, "cs532-2022program 4 params; sample134; 0": 4.374056816101074, "cs532-2022program 4 params; sample134; 1": 4.1265668869018555, "cs532-2022program 4 params; sample113; 0": -5.751502990722656, "cs532-2022program 4 params; sample113; 1": 1.1462560892105103, "cs532-2022program 4 params; sample100; 0": 0.9687725305557251, "cs532-2022program 4 params; sample100; 1": 6.444716930389404, "cs532-2022program 4 params; sample3; 0": 1.0161714553833008, "cs532-2022program 4 params; sample3; 1": 2.9355309009552, "cs532-2022program 4 params; sample67; 0": -2.1144328117370605, "cs532-2022program 4 params; sample67; 1": 5.282068729400635, "cs532-2022program 4 params; sample32; 0": -1.6357697248458862, "cs532-2022program 4 params; sample32; 1": 6.602925777435303, "cs532-2022program 4 params; sample37; 0": -0.9728856086730957, "cs532-2022program 4 params; sample37; 1": 0.7713395357131958, "cs532-2022program 4 params; sample124; 0": -0.5048955678939819, "cs532-2022program 4 params; sample124; 1": 1.2850457429885864, "cs532-2022program 4 params; sample105; 0": 1.5255639553070068, "cs532-2022program 4 params; sample105; 1": 2.3929638862609863, "cs532-2022program 4 params; sample135; 0": -6.9321417808532715, "cs532-2022program 4 params; sample135; 1": 4.403839588165283, "cs532-2022program 4 params; sample81; 0": -2.2297780513763428, "cs532-2022program 4 params; sample81; 1": 5.733937740325928, "cs532-2022program 4 params; sample141; 0": -0.01051841676235199, "cs532-2022program 4 params; sample141; 1": 1.4756397008895874, "cs532-2022program 4 params; sample118; 0": 3.079657793045044, "cs532-2022program 4 params; sample118; 1": 6.1114821434021, "cs532-2022program 4 params; sample139; 0": 5.621870040893555, "cs532-2022program 4 params; sample139; 1": 1.6906344890594482, "cs532-2022program 4 params; sample26; 0": 2.197218894958496, "cs532-2022program 4 params; sample26; 1": 5.310789108276367, "cs532-2022program 4 params; sample33; 0": -1.8387809991836548, "cs532-2022program 4 params; sample33; 1": 4.677637100219727, "cs532-2022program 4 params; sample108; 0": 0.708005428314209, "cs532-2022program 4 params; sample108; 1": 2.5552620887756348, "cs532-2022program 4 params; sample114; 0": 0.3090372085571289, "cs532-2022program 4 params; sample114; 1": 5.713133335113525, "cs532-2022program 4 params; sample99; 0": 0.7432934641838074, "cs532-2022program 4 params; sample99; 1": 7.411158561706543, "cs532-2022program 4 params; sample69; 0": 2.3721935749053955, "cs532-2022program 4 params; sample69; 1": 2.305711507797241, "cs532-2022program 4 params; sample42; 0": -4.103561878204346, "cs532-2022program 4 params; sample42; 1": 5.576340675354004, "cs532-2022program 4 params; sample128; 0": 1.4549577236175537, "cs532-2022program 4 params; sample128; 1": 5.390071392059326, "cs532-2022program 4 params; sample84; 0": 3.0967934131622314, "cs532-2022program 4 params; sample84; 1": 5.47514533996582, "cs532-2022program 4 params; sample76; 0": -2.9532527923583984, "cs532-2022program 4 params; sample76; 1": 3.379326343536377, "cs532-2022program 4 params; sample45; 0": -0.7973102331161499, "cs532-2022program 4 params; sample45; 1": 4.041377544403076, "cs532-2022program 4 params; sample1; 0": 0.36448004841804504, "cs532-2022program 4 params; sample1; 1": 6.183284282684326, "cs532-2022program 4 params; sample2; 0": 4.1285080909729, "cs532-2022program 4 params; sample2; 1": 3.5480220317840576, "cs532-2022program 4 params; sample123; 0": 4.467276096343994, "cs532-2022program 4 params; sample123; 1": 0.06471771001815796, "cs532-2022program 4 params; sample140; 0": -1.1914786100387573, "cs532-2022program 4 params; sample140; 1": 4.934640884399414, "cs532-2022program 4 params; sample4; 0": 4.653345584869385, "cs532-2022program 4 params; sample4; 1": 6.769130706787109, "cs532-2022program 4 params; sample120; 0": -0.24231113493442535, "cs532-2022program 4 params; sample120; 1": 0.15963904559612274, "cs532-2022program 4 params; sample44; 0": 5.553564548492432, "cs532-2022program 4 params; sample44; 1": 0.3245333433151245, "cs532-2022program 4 params; sample112; 0": -1.7501931190490723, "cs532-2022program 4 params; sample112; 1": 4.028453350067139, "cs532-2022program 4 params; sample106; 0": 0.35757285356521606, "cs532-2022program 4 params; sample106; 1": 5.7715373039245605, "cs532-2022program 4 params; sample22; 0": -0.25459691882133484, "cs532-2022program 4 params; sample22; 1": 7.448898792266846, "cs532-2022program 4 params; sample14; 0": -1.4929882287979126, "cs532-2022program 4 params; sample14; 1": 4.027909755706787, "cs532-2022program 4 params; sample74; 0": -1.6657317876815796, "cs532-2022program 4 params; sample74; 1": 3.530294895172119, "cs532-2022program 4 params; sample68; 0": -1.2767539024353027, "cs532-2022program 4 params; sample68; 1": 2.903308868408203, "cs532-2022program 4 params; sample62; 0": 1.6578364372253418, "cs532-2022program 4 params; sample62; 1": 5.090549468994141, "cs532-2022program 4 params; sample13; 0": -2.4569380283355713, "cs532-2022program 4 params; sample13; 1": 2.4397313594818115, "cs532-2022program 4 params; sample78; 0": -1.515547513961792, "cs532-2022program 4 params; sample78; 1": 5.6895670890808105, "cs532-2022program 4 params; sample49; 0": -8.549214363098145, "cs532-2022program 4 params; sample49; 1": 1.5115293264389038, "cs532-2022program 4 params; sample47; 0": -0.21991169452667236, "cs532-2022program 4 params; sample47; 1": 8.016855239868164, "cs532-2022program 4 params; sample59; 0": 1.2755614519119263, "cs532-2022program 4 params; sample59; 1": 3.2789976596832275, "cs532-2022program 4 params; sample16; 0": -1.1977999210357666, "cs532-2022program 4 params; sample16; 1": 8.001008987426758, "cs532-2022program 4 params; sample70; 0": -0.01932455599308014, "cs532-2022program 4 params; sample70; 1": 2.8044216632843018, "cs532-2022program 4 params; sample50; 0": -2.041020631790161, "cs532-2022program 4 params; sample50; 1": 5.026361465454102, "cs532-2022program 4 params; sample94; 0": 1.0358513593673706, "cs532-2022program 4 params; sample94; 1": 3.2525460720062256, "cs532-2022program 4 params; sample89; 0": 1.0700757503509521, "cs532-2022program 4 params; sample89; 1": 7.347271919250488, "cs532-2022program 4 params; sample80; 0": -3.5037472248077393, "cs532-2022program 4 params; sample80; 1": 4.402197360992432, "cs532-2022program 4 params; sample71; 0": 3.9094529151916504, "cs532-2022program 4 params; sample71; 1": 3.914214849472046, "cs532-2022program 4 params; sample75; 0": 0.9227800369262695, "cs532-2022program 4 params; sample75; 1": 4.622087478637695, "cs532-2022program 4 params; sample82; 0": 3.1602160930633545, "cs532-2022program 4 params; sample82; 1": 6.399380683898926,