{"Program 1 samples; epoch": 999, "Program 1 samples": 0.9349600076675415, "_timestamp": 1664651039.312725, "_runtime": 7.915922164916992, "_step": 999, "_wandb": {"runtime": 7}}