{"cs532-2022program 1 params; epoch": 299, "cs532-2022program 1 params; sample2; 0": 7.160731792449951, "cs532-2022program 1 params; sample2; 1": 0.7095746994018555, "_timestamp": 1666756536.594025, "_runtime": 64.07413578033447, "_step": 1200, "cs532-2022 loss; program 1; epoch": 299, "cs532-2022 loss; program 1;": -8.516253471374512, "Program 1_table": {"_type": "table-file", "sha256": "fb914bd301891c4a068f9950d8caabf56b5c6f5b4239d4cb4d070fce9def978c", "size": 288798, "artifact_path": "wandb-client-artifact://jxdx6oqzky9xsmb1czjoav7796rzzkl28wfajchkz5t2q656pf72w7n1aojxrqi34e5hzrpa17fsmq5ihuvdasb57pswo04vcq3vdom97ro4cio9xqu06gzrv8hds2p7:latest/Program 1_table.table.json", "_latest_artifact_path": "wandb-client-artifact://jxdx6oqzky9xsmb1czjoav7796rzzkl28wfajchkz5t2q656pf72w7n1aojxrqi34e5hzrpa17fsmq5ihuvdasb57pswo04vcq3vdom97ro4cio9xqu06gzrv8hds2p7:latest/Program 1_table.table.json", "path": "media/table/Program 1_table_600_fb914bd301891c4a068f.table.json", "ncols": 2, "nrows": 100000}, "cs532-2022program 2 params; epoch": 299, "cs532-2022program 2 params; sample1; 0": 2.1214945316314697, "cs532-2022program 2 params; sample1; 1": 0.12847213447093964, "cs532-2022program 2 params; sample2; 0": -0.30428725481033325, "cs532-2022program 2 params; sample2; 1": 0.40963849425315857, "cs532-2022 loss; program 2; epoch": 299, "cs532-2022 loss; program 2;": 3.333081007003784, "_wandb": {"runtime": 64}}