{"cs532-2022program 3 params; epoch": 299, "cs532-2022program 3 params; sample6; 0": [1.770337462425232, 1.6346036195755005, 0.14346836507320404], "cs532-2022program 3 params; sample3; 0": 2.021411418914795, "cs532-2022program 3 params; sample3; 1": 0.36896011233329773, "cs532-2022program 3 params; sample1; 0": 2.02341628074646, "cs532-2022program 3 params; sample1; 1": 0.38585034012794495, "cs532-2022program 3 params; sample2; 0": 0.863784670829773, "cs532-2022program 3 params; sample2; 1": 0.7357510924339294, "cs532-2022program 3 params; sample4; 0": -0.07185825705528259, "cs532-2022program 3 params; sample4; 1": 1.5682287216186523, "cs532-2022program 3 params; sample19; 0": [-4.64051628112793, -3.222774028778076, -3.6133370399475098], "cs532-2022program 3 params; sample0; 0": -0.019743340089917183, "cs532-2022program 3 params; sample0; 1": 1.023341178894043, "cs532-2022program 3 params; sample5; 0": 2.1787173748016357, "cs532-2022program 3 params; sample5; 1": 0.4133308231830597, "cs532-2022program 3 params; sample15; 0": [-3.2823941707611084, -3.378162384033203, -5.40676736831665], "cs532-2022program 3 params; sample7; 0": [-4.425223350524902, -3.3263204097747803, -3.444124698638916], "cs532-2022program 3 params; sample9; 0": [-3.5413901805877686, -4.214672088623047, -3.617910623550415], "cs532-2022program 3 params; sample13; 0": [-3.3233726024627686, -4.163557529449463, -3.55751633644104], "cs532-2022program 3 params; sample11; 0": [-3.0570390224456787, -3.334803581237793, -5.9197773933410645], "cs532-2022program 3 params; sample17; 0": [-3.246638774871826, -4.0609307289123535, -3.573087215423584], "_timestamp": 1666758651.81695, "_runtime": 152.5115451812744, "_step": 599, "cs532-2022 loss; program 3; epoch": 299, "cs532-2022 loss; program 3;": -1231.9385986328125, "_wandb": {"runtime": 152}}