{"cs532-2022program 4 params; epoch": 399, "cs532-2022program 4 params; sample79; 0": -0.30734962224960327, "cs532-2022program 4 params; sample79; 1": 6.705638885498047, "cs532-2022program 4 params; sample60; 0": 0.17754732072353363, "cs532-2022program 4 params; sample60; 1": 8.629290580749512, "cs532-2022program 4 params; sample11; 0": -2.242698907852173, "cs532-2022program 4 params; sample11; 1": 6.877509117126465, "cs532-2022program 4 params; sample122; 0": -0.7085906267166138, "cs532-2022program 4 params; sample122; 1": 9.16016960144043, "cs532-2022program 4 params; sample77; 0": -1.8886009454727173, "cs532-2022program 4 params; sample77; 1": 8.44623851776123, "cs532-2022program 4 params; sample21; 0": 0.9773446321487427, "cs532-2022program 4 params; sample21; 1": 8.466947555541992, "cs532-2022program 4 params; sample110; 0": 0.4591227173805237, "cs532-2022program 4 params; sample110; 1": 4.2866363525390625, "cs532-2022program 4 params; sample85; 0": -0.13770291209220886, "cs532-2022program 4 params; sample85; 1": 7.801848888397217, "cs532-2022program 4 params; sample41; 0": 0.7304490804672241, "cs532-2022program 4 params; sample41; 1": 7.749973773956299, "cs532-2022program 4 params; sample130; 0": -1.1063300371170044, "cs532-2022program 4 params; sample130; 1": 7.1314215660095215, "cs532-2022program 4 params; sample134; 0": 2.487743377685547, "cs532-2022program 4 params; sample134; 1": 8.088562965393066, "cs532-2022program 4 params; sample113; 0": -2.986387252807617, "cs532-2022program 4 params; sample113; 1": 7.315229415893555, "cs532-2022program 4 params; sample100; 0": -0.9089191555976868, "cs532-2022program 4 params; sample100; 1": 6.565938949584961, "cs532-2022program 4 params; sample3; 0": 2.465097665786743, "cs532-2022program 4 params; sample3; 1": 5.8902387619018555, "cs532-2022program 4 params; sample67; 0": 1.6816166639328003, "cs532-2022program 4 params; sample67; 1": 8.09325885772705, "cs532-2022program 4 params; sample32; 0": -1.7074146270751953, "cs532-2022program 4 params; sample32; 1": 6.529998779296875, "cs532-2022program 4 params; sample37; 0": 0.906049370765686, "cs532-2022program 4 params; sample37; 1": 7.980311870574951, "cs532-2022program 4 params; sample124; 0": 0.5286980271339417, "cs532-2022program 4 params; sample124; 1": 8.598114013671875, "cs532-2022program 4 params; sample105; 0": -1.1087318658828735, "cs532-2022program 4 params; sample105; 1": 6.399469375610352, "cs532-2022program 4 params; sample135; 0": 1.3176006078720093, "cs532-2022program 4 params; sample135; 1": 8.158905029296875, "cs532-2022program 4 params; sample81; 0": -0.7731623649597168, "cs532-2022program 4 params; sample81; 1": 6.520283222198486, "cs532-2022program 4 params; sample141; 0": -1.9007961750030518, "cs532-2022program 4 params; sample141; 1": 8.190051078796387, "cs532-2022program 4 params; sample118; 0": 0.41053926944732666, "cs532-2022program 4 params; sample118; 1": 4.0305891036987305, "cs532-2022program 4 params; sample139; 0": -1.8011106252670288, "cs532-2022program 4 params; sample139; 1": 7.175909042358398, "cs532-2022program 4 params; sample26; 0": -1.213932991027832, "cs532-2022program 4 params; sample26; 1": 5.654298305511475, "cs532-2022program 4 params; sample33; 0": 0.8867623805999756, "cs532-2022program 4 params; sample33; 1": 6.235610485076904, "cs532-2022program 4 params; sample108; 0": 2.6300532817840576, "cs532-2022program 4 params; sample108; 1": 5.963580131530762, "cs532-2022program 4 params; sample114; 0": 0.7044680118560791, "cs532-2022program 4 params; sample114; 1": 5.077672958374023, "cs532-2022program 4 params; sample99; 0": -0.715467095375061, "cs532-2022program 4 params; sample99; 1": 7.613368988037109, "cs532-2022program 4 params; sample69; 0": 1.1611837148666382, "cs532-2022program 4 params; sample69; 1": 7.830154895782471, "cs532-2022program 4 params; sample42; 0": 0.2934604287147522, "cs532-2022program 4 params; sample42; 1": 5.081122398376465, "cs532-2022program 4 params; sample128; 0": -0.7617427110671997, "cs532-2022program 4 params; sample128; 1": 7.27321195602417, "cs532-2022program 4 params; sample84; 0": 2.3631749153137207, "cs532-2022program 4 params; sample84; 1": 8.77385139465332, "cs532-2022program 4 params; sample76; 0": -1.284941554069519, "cs532-2022program 4 params; sample76; 1": 6.017483711242676, "cs532-2022program 4 params; sample45; 0": 0.17853735387325287, "cs532-2022program 4 params; sample45; 1": 6.586089134216309, "cs532-2022program 4 params; sample1; 0": -1.2898324728012085, "cs532-2022program 4 params; sample1; 1": 9.142111778259277, "cs532-2022program 4 params; sample2; 0": 2.261542797088623, "cs532-2022program 4 params; sample2; 1": 6.805536270141602, "cs532-2022program 4 params; sample123; 0": 0.730272114276886, "cs532-2022program 4 params; sample123; 1": 8.909412384033203, "cs532-2022program 4 params; sample140; 0": 0.8454675674438477, "cs532-2022program 4 params; sample140; 1": 7.794909954071045, "cs532-2022program 4 params; sample4; 0": 2.8807315826416016, "cs532-2022program 4 params; sample4; 1": 5.136485576629639, "cs532-2022program 4 params; sample120; 0": 0.21401341259479523, "cs532-2022program 4 params; sample120; 1": 7.292075157165527, "cs532-2022program 4 params; sample44; 0": -1.0239337682724, "cs532-2022program 4 params; sample44; 1": 8.39772891998291, "cs532-2022program 4 params; sample112; 0": 0.19759579002857208, "cs532-2022program 4 params; sample112; 1": 6.0809855461120605, "cs532-2022program 4 params; sample106; 0": 0.20183049142360687, "cs532-2022program 4 params; sample106; 1": 6.150964736938477, "cs532-2022program 4 params; sample22; 0": 0.4876520335674286, "cs532-2022program 4 params; sample22; 1": 7.976812362670898, "cs532-2022program 4 params; sample14; 0": 2.002960443496704, "cs532-2022program 4 params; sample14; 1": 6.745840072631836, "cs532-2022program 4 params; sample74; 0": 1.646826148033142, "cs532-2022program 4 params; sample74; 1": 6.452263355255127, "cs532-2022program 4 params; sample68; 0": -0.39837613701820374, "cs532-2022program 4 params; sample68; 1": 5.923123359680176, "cs532-2022program 4 params; sample62; 0": -2.7105536460876465, "cs532-2022program 4 params; sample62; 1": 5.534853458404541, "cs532-2022program 4 params; sample13; 0": 0.5051751136779785, "cs532-2022program 4 params; sample13; 1": 6.676845550537109, "cs532-2022program 4 params; sample78; 0": 0.5810574293136597, "cs532-2022program 4 params; sample78; 1": 6.504427909851074, "cs532-2022program 4 params; sample49; 0": -1.2466082572937012, "cs532-2022program 4 params; sample49; 1": 7.177994251251221, "cs532-2022program 4 params; sample47; 0": -0.5686622858047485, "cs532-2022program 4 params; sample47; 1": 7.4919304847717285, "cs532-2022program 4 params; sample59; 0": 2.021920680999756, "cs532-2022program 4 params; sample59; 1": 6.0303425788879395, "cs532-2022program 4 params; sample16; 0": 0.8949029445648193, "cs532-2022program 4 params; sample16; 1": 4.449073314666748, "cs532-2022program 4 params; sample70; 0": 1.1125290393829346, "cs532-2022program 4 params; sample70; 1": 5.23704195022583, "cs532-2022program 4 params; sample50; 0": -2.0129687786102295, "cs532-2022program 4 params; sample50; 1": 7.310069561004639, "cs532-2022program 4 params; sample94; 0": -0.8413941860198975, "cs532-2022program 4 params; sample94; 1": 9.360746383666992, "cs532-2022program 4 params; sample89; 0": -1.6720607280731201, "cs532-2022program 4 params; sample89; 1": 8.123002052307129, "cs532-2022program 4 params; sample80; 0": -1.3396599292755127, "cs532-2022program 4 params; sample80; 1": 5.558887958526611, "cs532-2022program 4 params; sample71; 0": 2.4740476608276367, "cs532-2022program 4 params; sample71; 1": 6.520919322967529, "cs532-2022program 4 params; sample75; 0": -2.5064218044281006, "cs532-2022program 4 params; sample75; 1": 5.625039577484131, "cs532-2022program 4 params; sample82; 0": -0.7514532208442688, "cs532-2022program 4 params; sample82; 1": 6.375800609588623,