{"cs532-2022program 4 params; epoch": 22, "cs532-2022program 4 params; sample79; 0": -3.873793840408325, "cs532-2022program 4 params; sample79; 1": 1.076053261756897, "cs532-2022program 4 params; sample60; 0": -0.7320287823677063, "cs532-2022program 4 params; sample60; 1": 0.1096113994717598, "cs532-2022program 4 params; sample11; 0": -0.5199466347694397, "cs532-2022program 4 params; sample11; 1": 1.0061217546463013, "cs532-2022program 4 params; sample122; 0": -2.3196940422058105, "cs532-2022program 4 params; sample122; 1": 0.3867838978767395, "cs532-2022program 4 params; sample77; 0": -1.3104952573776245, "cs532-2022program 4 params; sample77; 1": 2.0337400436401367, "cs532-2022program 4 params; sample21; 0": 2.464851140975952, "cs532-2022program 4 params; sample21; 1": 3.05189847946167, "cs532-2022program 4 params; sample110; 0": 0.0029900912195444107, "cs532-2022program 4 params; sample110; 1": 0.4413938522338867, "cs532-2022program 4 params; sample85; 0": -1.4901171922683716, "cs532-2022program 4 params; sample85; 1": 3.7294907569885254, "cs532-2022program 4 params; sample41; 0": -3.4672465324401855, "cs532-2022program 4 params; sample41; 1": 1.8699135780334473, "cs532-2022program 4 params; sample130; 0": -3.4382057189941406, "cs532-2022program 4 params; sample130; 1": 2.941516160964966, "cs532-2022program 4 params; sample134; 0": 4.884486198425293, "cs532-2022program 4 params; sample134; 1": 1.3922847509384155, "cs532-2022program 4 params; sample113; 0": -3.756901741027832, "cs532-2022program 4 params; sample113; 1": 3.2438135147094727, "cs532-2022program 4 params; sample100; 0": 1.7067581415176392, "cs532-2022program 4 params; sample100; 1": 0.01915738545358181, "cs532-2022program 4 params; sample3; 0": -3.0169596672058105, "cs532-2022program 4 params; sample3; 1": 1.290571689605713, "cs532-2022program 4 params; sample67; 0": 2.9911913871765137, "cs532-2022program 4 params; sample67; 1": 0.13249365985393524, "cs532-2022program 4 params; sample32; 0": -6.294960975646973, "cs532-2022program 4 params; sample32; 1": 0.3624081313610077, "cs532-2022program 4 params; sample37; 0": 0.5464053750038147, "cs532-2022program 4 params; sample37; 1": 3.0470807552337646, "cs532-2022program 4 params; sample124; 0": -1.7922111749649048, "cs532-2022program 4 params; sample124; 1": 0.42005226016044617, "cs532-2022program 4 params; sample105; 0": 2.599682569503784, "cs532-2022program 4 params; sample105; 1": 3.6444082260131836, "cs532-2022program 4 params; sample135; 0": -1.9231855869293213, "cs532-2022program 4 params; sample135; 1": 0.3993350565433502, "cs532-2022program 4 params; sample81; 0": 1.3125232458114624, "cs532-2022program 4 params; sample81; 1": 0.0042291730642318726, "cs532-2022program 4 params; sample141; 0": -2.5103578567504883, "cs532-2022program 4 params; sample141; 1": 0.29414230585098267, "cs532-2022program 4 params; sample118; 0": -3.537585973739624, "cs532-2022program 4 params; sample118; 1": 3.8836557865142822, "cs532-2022program 4 params; sample139; 0": -1.4013395309448242, "cs532-2022program 4 params; sample139; 1": 2.090749502182007, "cs532-2022program 4 params; sample26; 0": 1.2812575101852417, "cs532-2022program 4 params; sample26; 1": 3.644965410232544, "cs532-2022program 4 params; sample33; 0": 1.0497685670852661, "cs532-2022program 4 params; sample33; 1": 1.4509018659591675, "cs532-2022program 4 params; sample108; 0": 3.032517910003662, "cs532-2022program 4 params; sample108; 1": 0.2739996016025543, "cs532-2022program 4 params; sample114; 0": 0.7578044533729553, "cs532-2022program 4 params; sample114; 1": 2.3042802810668945, "cs532-2022program 4 params; sample99; 0": 0.4312502145767212, "cs532-2022program 4 params; sample99; 1": 0.03337140381336212, "cs532-2022program 4 params; sample69; 0": 2.1902575492858887, "cs532-2022program 4 params; sample69; 1": 3.7482948303222656, "cs532-2022program 4 params; sample42; 0": 0.9287672638893127, "cs532-2022program 4 params; sample42; 1": 1.3159512281417847, "cs532-2022program 4 params; sample128; 0": -1.7660810947418213, "cs532-2022program 4 params; sample128; 1": 1.208187222480774, "cs532-2022program 4 params; sample84; 0": -2.1885173320770264, "cs532-2022program 4 params; sample84; 1": 1.0059975385665894, "cs532-2022program 4 params; sample76; 0": 2.3669393062591553, "cs532-2022program 4 params; sample76; 1": 1.2524278163909912, "cs532-2022program 4 params; sample45; 0": -1.7061946392059326, "cs532-2022program 4 params; sample45; 1": 0.06625137478113174, "cs532-2022program 4 params; sample1; 0": 2.690871477127075, "cs532-2022program 4 params; sample1; 1": 1.5792065858840942, "cs532-2022program 4 params; sample2; 0": -1.091163158416748, "cs532-2022program 4 params; sample2; 1": 1.0340856313705444, "cs532-2022program 4 params; sample123; 0": -4.094649314880371, "cs532-2022program 4 params; sample123; 1": 1.599701166152954, "cs532-2022program 4 params; sample140; 0": -0.6138806343078613, "cs532-2022program 4 params; sample140; 1": 0.4206075668334961, "cs532-2022program 4 params; sample4; 0": 1.9501041173934937, "cs532-2022program 4 params; sample4; 1": 0.822039008140564, "cs532-2022program 4 params; sample120; 0": -3.522024631500244, "cs532-2022program 4 params; sample120; 1": 0.059206683188676834, "cs532-2022program 4 params; sample44; 0": -1.8661476373672485, "cs532-2022program 4 params; sample44; 1": 1.6124769449234009, "cs532-2022program 4 params; sample112; 0": 1.699242353439331, "cs532-2022program 4 params; sample112; 1": 0.062373366206884384, "cs532-2022program 4 params; sample106; 0": 4.403855800628662, "cs532-2022program 4 params; sample106; 1": 0.15165138244628906, "cs532-2022program 4 params; sample22; 0": -0.6879830360412598, "cs532-2022program 4 params; sample22; 1": 0.12659388780593872, "cs532-2022program 4 params; sample14; 0": 2.1488542556762695, "cs532-2022program 4 params; sample14; 1": 3.7212142944335938, "cs532-2022program 4 params; sample74; 0": -1.1255125999450684, "cs532-2022program 4 params; sample74; 1": 0.11390349268913269, "cs532-2022program 4 params; sample68; 0": 1.1047178506851196, "cs532-2022program 4 params; sample68; 1": 0.032939061522483826, "cs532-2022program 4 params; sample62; 0": -4.260292053222656, "cs532-2022program 4 params; sample62; 1": 1.0677822828292847, "cs532-2022program 4 params; sample13; 0": 1.5542349815368652, "cs532-2022program 4 params; sample13; 1": 0.5067586898803711, "cs532-2022program 4 params; sample78; 0": -0.1904727816581726, "cs532-2022program 4 params; sample78; 1": 0.5980044007301331, "cs532-2022program 4 params; sample49; 0": 3.5109760761260986, "cs532-2022program 4 params; sample49; 1": 4.7774505615234375, "cs532-2022program 4 params; sample47; 0": 2.2409377098083496, "cs532-2022program 4 params; sample47; 1": 1.8435008525848389, "cs532-2022program 4 params; sample59; 0": -1.451436996459961, "cs532-2022program 4 params; sample59; 1": 0.12005633860826492, "cs532-2022program 4 params; sample16; 0": -2.9773170948028564, "cs532-2022program 4 params; sample16; 1": 1.2067766189575195, "cs532-2022program 4 params; sample70; 0": -2.6225361824035645, "cs532-2022program 4 params; sample70; 1": 5.976154804229736, "cs532-2022program 4 params; sample50; 0": 0.642914891242981, "cs532-2022program 4 params; sample50; 1": 2.9353342056274414, "cs532-2022program 4 params; sample94; 0": -4.901342391967773, "cs532-2022program 4 params; sample94; 1": 0.016374029219150543, "cs532-2022program 4 params; sample89; 0": -0.15646244585514069, "cs532-2022program 4 params; sample89; 1": 1.4534586668014526, "cs532-2022program 4 params; sample80; 0": 2.457231044769287, "cs532-2022program 4 params; sample80; 1": 0.1566590666770935, "cs532-2022program 4 params; sample71; 0": 2.0541932582855225, "cs532-2022program 4 params; sample71; 1": 0.5763447284698486, "cs532-2022program 4 params; sample75; 0": 3.4904441833496094, "cs532-2022program 4 params; sample75; 1": 2.48390531539917, "cs532-2022program 4 params; sample82; 0": 5.135706901550293,