{"cs532-2022program 4 params; epoch": 138, "cs532-2022program 4 params; sample79; 0": null, "cs532-2022program 4 params; sample79; 1": 10.122922897338867, "cs532-2022program 4 params; sample60; 0": null, "cs532-2022program 4 params; sample60; 1": 4.891578674316406, "cs532-2022program 4 params; sample11; 0": null, "cs532-2022program 4 params; sample11; 1": 1.4290657043457031, "cs532-2022program 4 params; sample122; 0": null, "cs532-2022program 4 params; sample122; 1": 2.0356876850128174, "cs532-2022program 4 params; sample77; 0": null, "cs532-2022program 4 params; sample77; 1": 1.2627332210540771, "cs532-2022program 4 params; sample21; 0": null, "cs532-2022program 4 params; sample21; 1": 0.0012169820256531239, "cs532-2022program 4 params; sample110; 0": null, "cs532-2022program 4 params; sample110; 1": 3.5174148082733154, "cs532-2022program 4 params; sample85; 0": null, "cs532-2022program 4 params; sample85; 1": 9.25131607055664, "cs532-2022program 4 params; sample41; 0": null, "cs532-2022program 4 params; sample41; 1": 6.084285259246826, "cs532-2022program 4 params; sample130; 0": null, "cs532-2022program 4 params; sample130; 1": 0.00011848701251437888, "cs532-2022program 4 params; sample134; 0": null, "cs532-2022program 4 params; sample134; 1": 9.335972785949707, "cs532-2022program 4 params; sample113; 0": null, "cs532-2022program 4 params; sample113; 1": 4.9159626960754395, "cs532-2022program 4 params; sample100; 0": null, "cs532-2022program 4 params; sample100; 1": 6.759581089019775, "cs532-2022program 4 params; sample3; 0": null, "cs532-2022program 4 params; sample3; 1": 10.054707527160645, "cs532-2022program 4 params; sample67; 0": null, "cs532-2022program 4 params; sample67; 1": 0.008958740159869194, "cs532-2022program 4 params; sample32; 0": null, "cs532-2022program 4 params; sample32; 1": 3.4792370796203613, "cs532-2022program 4 params; sample37; 0": null, "cs532-2022program 4 params; sample37; 1": 5.493659496307373, "cs532-2022program 4 params; sample124; 0": null, "cs532-2022program 4 params; sample124; 1": 0.03649773821234703, "cs532-2022program 4 params; sample105; 0": null, "cs532-2022program 4 params; sample105; 1": 7.87718391418457, "cs532-2022program 4 params; sample135; 0": null, "cs532-2022program 4 params; sample135; 1": 8.51761245727539, "cs532-2022program 4 params; sample81; 0": null, "cs532-2022program 4 params; sample81; 1": 7.342164993286133, "cs532-2022program 4 params; sample141; 0": null, "cs532-2022program 4 params; sample141; 1": 6.495937824249268, "cs532-2022program 4 params; sample118; 0": null, "cs532-2022program 4 params; sample118; 1": 5.515986442565918, "cs532-2022program 4 params; sample139; 0": null, "cs532-2022program 4 params; sample139; 1": 3.7166388034820557, "cs532-2022program 4 params; sample26; 0": null, "cs532-2022program 4 params; sample26; 1": 2.627987861633301, "cs532-2022program 4 params; sample33; 0": null, "cs532-2022program 4 params; sample33; 1": 7.619225978851318, "cs532-2022program 4 params; sample108; 0": null, "cs532-2022program 4 params; sample108; 1": 2.5874056816101074, "cs532-2022program 4 params; sample114; 0": null, "cs532-2022program 4 params; sample114; 1": 6.174342632293701, "cs532-2022program 4 params; sample99; 0": null, "cs532-2022program 4 params; sample99; 1": 8.624573707580566, "cs532-2022program 4 params; sample69; 0": null, "cs532-2022program 4 params; sample69; 1": 4.274643898010254, "cs532-2022program 4 params; sample42; 0": null, "cs532-2022program 4 params; sample42; 1": 5.668694496154785, "cs532-2022program 4 params; sample128; 0": null, "cs532-2022program 4 params; sample128; 1": 2.3985207080841064, "cs532-2022program 4 params; sample84; 0": null, "cs532-2022program 4 params; sample84; 1": 11.1223726272583, "cs532-2022program 4 params; sample76; 0": null, "cs532-2022program 4 params; sample76; 1": 7.991695404052734, "cs532-2022program 4 params; sample45; 0": null, "cs532-2022program 4 params; sample45; 1": 7.44193696975708, "cs532-2022program 4 params; sample1; 0": null, "cs532-2022program 4 params; sample1; 1": 7.773238182067871, "cs532-2022program 4 params; sample2; 0": null, "cs532-2022program 4 params; sample2; 1": 6.513079643249512, "cs532-2022program 4 params; sample123; 0": null, "cs532-2022program 4 params; sample123; 1": 7.900700569152832, "cs532-2022program 4 params; sample140; 0": null, "cs532-2022program 4 params; sample140; 1": 1.3863756656646729, "cs532-2022program 4 params; sample4; 0": null, "cs532-2022program 4 params; sample4; 1": 6.043887138366699, "cs532-2022program 4 params; sample120; 0": null, "cs532-2022program 4 params; sample120; 1": 5.596527099609375, "cs532-2022program 4 params; sample44; 0": null, "cs532-2022program 4 params; sample44; 1": 3.872694492340088, "cs532-2022program 4 params; sample112; 0": null, "cs532-2022program 4 params; sample112; 1": 4.110981464385986, "cs532-2022program 4 params; sample106; 0": null, "cs532-2022program 4 params; sample106; 1": 0.0, "cs532-2022program 4 params; sample22; 0": null, "cs532-2022program 4 params; sample22; 1": 3.329850912094116, "cs532-2022program 4 params; sample14; 0": null, "cs532-2022program 4 params; sample14; 1": 3.050419807434082, "cs532-2022program 4 params; sample74; 0": null, "cs532-2022program 4 params; sample74; 1": 6.934414863586426, "cs532-2022program 4 params; sample68; 0": null, "cs532-2022program 4 params; sample68; 1": 9.335150718688965, "cs532-2022program 4 params; sample62; 0": null, "cs532-2022program 4 params; sample62; 1": 7.234535217285156, "cs532-2022program 4 params; sample13; 0": null, "cs532-2022program 4 params; sample13; 1": 6.816068172454834, "cs532-2022program 4 params; sample78; 0": null, "cs532-2022program 4 params; sample78; 1": 6.45458459854126, "cs532-2022program 4 params; sample49; 0": null, "cs532-2022program 4 params; sample49; 1": 2.197683572769165, "cs532-2022program 4 params; sample47; 0": null, "cs532-2022program 4 params; sample47; 1": 7.895857810974121, "cs532-2022program 4 params; sample59; 0": null, "cs532-2022program 4 params; sample59; 1": 6.711190700531006, "cs532-2022program 4 params; sample16; 0": null, "cs532-2022program 4 params; sample16; 1": 1.7859601974487305, "cs532-2022program 4 params; sample70; 0": null, "cs532-2022program 4 params; sample70; 1": 10.099044799804688, "cs532-2022program 4 params; sample50; 0": null, "cs532-2022program 4 params; sample50; 1": 4.338155269622803, "cs532-2022program 4 params; sample94; 0": null, "cs532-2022program 4 params; sample94; 1": 8.50796890258789, "cs532-2022program 4 params; sample89; 0": null, "cs532-2022program 4 params; sample89; 1": 12.349376678466797, "cs532-2022program 4 params; sample80; 0": null, "cs532-2022program 4 params; sample80; 1": 11.70224380493164, "cs532-2022program 4 params; sample71; 0": null, "cs532-2022program 4 params; sample71; 1": 3.3914589881896973, "cs532-2022program 4 params; sample75; 0": null, "cs532-2022program 4 params; sample75; 1": 6.847828388214111, "cs532-2022program 4 params; sample82; 0": null, "cs532-2022program 4 params; sample82; 1": 7.056524753570557, "cs532-2022program 4 params; sample90; 0": null, "cs532-2022program 4 params; sample90; 1": 3.679790496826172, "cs532-2022program 4 params; sample103; 0": null, "cs532-2022program 4 params; sample103; 1": 4.811112403869629, "cs532-2022program 4 params; sample38; 0": null, "cs532-2022program 4 params; sample38; 1": 4.592059135437012, "cs532-2022program 4 params; sample91; 0": null, "cs532-2022program 4 params; sample91; 1": 5.375256538391113, "cs532-2022program 4 params; sample35; 0": null, "cs532-2022program 4 params; sample35; 1": 5.24923038482666, "cs532-2022program 4 params; sample63; 0": null, "cs532-2022program 4 params; sample63; 1": 0.1273098587989807, "cs532-2022program 4 params; sample6; 0": null, "cs532-2022program 4 params; sample6; 1": 12.837986946105957, "cs532-2022program 4 params; sample137; 0": null, "cs532-2022program 4 params; sample137; 1": 3.088940143585205,